relation_mention_id,source_mention_id,predicate_token_i,predicate_start,predicate_end,target_mention_id,source_cluster_id,target_cluster_id,object_property_logits_json,selection_method
pred_10_srcm_0_tgtm_1,0,10,10,11,1,0,1,"{""https://example.org/nlp-sdai/narrative-entity-ontology#movesToward"": -0.7431640625, ""https://example.org/nlp-sdai/narrative-entity-ontology#locatedIn"": -1.3203125, ""https://example.org/nlp-sdai/narrative-entity-ontology#holdsAttitudeToward"": -0.59765625, ""https://example.org/nlp-sdai/narrative-entity-ontology#harms"": -1.5673828125, ""https://example.org/nlp-sdai/narrative-entity-ontology#guides"": -0.7880859375}",nli_grouped_softmax
pred_473_srcm_44_tgtm_45,44,473,473,474,45,0,3,"{""https://example.org/nlp-sdai/narrative-entity-ontology#movesToward"": -0.853515625, ""https://example.org/nlp-sdai/narrative-entity-ontology#holdsAttitudeToward"": -0.625, ""https://example.org/nlp-sdai/narrative-entity-ontology#harms"": -1.9521484375, ""https://example.org/nlp-sdai/narrative-entity-ontology#guides"": -0.88232421875, ""https://example.org/nlp-sdai/narrative-entity-ontology#accompanies"": -1.3564453125}",nli_grouped_softmax
pred_490_srcm_48_tgtm_49,48,490,490,491,49,2,0,"{""https://example.org/nlp-sdai/narrative-entity-ontology#movesToward"": -1.857421875, ""https://example.org/nlp-sdai/narrative-entity-ontology#holdsAttitudeToward"": -0.92041015625, ""https://example.org/nlp-sdai/narrative-entity-ontology#harms"": -1.7353515625, ""https://example.org/nlp-sdai/narrative-entity-ontology#guides"": -1.9091796875, ""https://example.org/nlp-sdai/narrative-entity-ontology#accompanies"": -2.94140625}",nli_grouped_softmax
pred_518_srcm_50_tgtm_53,50,518,518,521,53,0,1,"{""https://example.org/nlp-sdai/narrative-entity-ontology#movesToward"": -0.67529296875, ""https://example.org/nlp-sdai/narrative-entity-ontology#locatedIn"": -1.609375, ""https://example.org/nlp-sdai/narrative-entity-ontology#holdsAttitudeToward"": -0.55810546875, ""https://example.org/nlp-sdai/narrative-entity-ontology#harms"": -1.9072265625, ""https://example.org/nlp-sdai/narrative-entity-ontology#guides"": -0.96923828125}",nli_grouped_softmax
pred_1058_srcm_89_tgtm_90,89,1058,1058,1059,90,4,1,"{""https://example.org/nlp-sdai/narrative-entity-ontology#locatedIn"": -1.0517578125, ""https://example.org/nlp-sdai/narrative-entity-ontology#hasMember"": -0.8291015625}",nli_grouped_softmax
pred_1222_srcm_107_tgtm_108,107,1222,1222,1224,108,9,4,"{""https://example.org/nlp-sdai/narrative-entity-ontology#movesToward"": -0.984375, ""https://example.org/nlp-sdai/narrative-entity-ontology#memberOf"": -1.1259765625, ""https://example.org/nlp-sdai/narrative-entity-ontology#holdsAttitudeToward"": -0.529296875, ""https://example.org/nlp-sdai/narrative-entity-ontology#harms"": -2.63671875, ""https://example.org/nlp-sdai/narrative-entity-ontology#guides"": -1.03515625}",nli_grouped_softmax
pred_1278_srcm_112_tgtm_113,112,1278,1278,1279,113,5,9,"{""https://example.org/nlp-sdai/narrative-entity-ontology#movesToward"": -0.89501953125, ""https://example.org/nlp-sdai/narrative-entity-ontology#holdsAttitudeToward"": -0.69091796875, ""https://example.org/nlp-sdai/narrative-entity-ontology#harms"": -1.2744140625, ""https://example.org/nlp-sdai/narrative-entity-ontology#guides"": -0.95751953125, ""https://example.org/nlp-sdai/narrative-entity-ontology#accompanies"": -1.16015625}",nli_grouped_softmax
pred_1525_srcm_133_tgtm_135,133,1525,1525,1528,135,0,4,"{""https://example.org/nlp-sdai/narrative-entity-ontology#movesToward"": -0.94775390625, ""https://example.org/nlp-sdai/narrative-entity-ontology#memberOf"": -1.1806640625, ""https://example.org/nlp-sdai/narrative-entity-ontology#holdsAttitudeToward"": -0.37744140625, ""https://example.org/nlp-sdai/narrative-entity-ontology#harms"": -1.5517578125, ""https://example.org/nlp-sdai/narrative-entity-ontology#guides"": -0.9208984375}",nli_grouped_softmax
pred_1700_srcm_155_tgtm_156,155,1700,1700,1701,156,9,0,"{""https://example.org/nlp-sdai/narrative-entity-ontology#movesToward"": -1.1806640625, ""https://example.org/nlp-sdai/narrative-entity-ontology#holdsAttitudeToward"": 0.02789306640625, ""https://example.org/nlp-sdai/narrative-entity-ontology#harms"": -1.3212890625, ""https://example.org/nlp-sdai/narrative-entity-ontology#guides"": -0.96630859375, ""https://example.org/nlp-sdai/narrative-entity-ontology#accompanies"": -1.4599609375}",nli_grouped_softmax
pred_1775_srcm_165_tgtm_168,165,1775,1775,1776,168,0,9,"{""https://example.org/nlp-sdai/narrative-entity-ontology#movesToward"": -1.0146484375, ""https://example.org/nlp-sdai/narrative-entity-ontology#holdsAttitudeToward"": -0.444091796875, ""https://example.org/nlp-sdai/narrative-entity-ontology#harms"": -2.03125, ""https://example.org/nlp-sdai/narrative-entity-ontology#guides"": -0.92041015625, ""https://example.org/nlp-sdai/narrative-entity-ontology#accompanies"": -1.02734375}",nli_grouped_softmax
pred_1775_srcm_167_tgtm_168,167,1775,1775,1776,168,5,9,"{""https://example.org/nlp-sdai/narrative-entity-ontology#movesToward"": -1.0322265625, ""https://example.org/nlp-sdai/narrative-entity-ontology#holdsAttitudeToward"": -0.11529541015625, ""https://example.org/nlp-sdai/narrative-entity-ontology#harms"": -2.00390625, ""https://example.org/nlp-sdai/narrative-entity-ontology#guides"": -0.87841796875, ""https://example.org/nlp-sdai/narrative-entity-ontology#accompanies"": -1.0029296875}",nli_grouped_softmax
pred_1814_srcm_172_tgtm_174,172,1814,1814,1817,174,9,10,"{""https://example.org/nlp-sdai/narrative-entity-ontology#movesToward"": -0.96044921875, ""https://example.org/nlp-sdai/narrative-entity-ontology#locatedIn"": -1.7216796875, ""https://example.org/nlp-sdai/narrative-entity-ontology#holdsAttitudeToward"": -1.1083984375, ""https://example.org/nlp-sdai/narrative-entity-ontology#harms"": -2.384765625, ""https://example.org/nlp-sdai/narrative-entity-ontology#guides"": -1.439453125}",nli_grouped_softmax
pred_2249_srcm_198_tgtm_200,198,2249,2249,2259,200,0,10,"{""https://example.org/nlp-sdai/narrative-entity-ontology#movesToward"": -0.83740234375, ""https://example.org/nlp-sdai/narrative-entity-ontology#locatedIn"": -1.1669921875, ""https://example.org/nlp-sdai/narrative-entity-ontology#holdsAttitudeToward"": -0.865234375, ""https://example.org/nlp-sdai/narrative-entity-ontology#harms"": -1.5888671875, ""https://example.org/nlp-sdai/narrative-entity-ontology#guides"": -0.9111328125}",nli_grouped_softmax
pred_2718_srcm_240_tgtm_241,240,2718,2718,2720,241,3,2,"{""https://example.org/nlp-sdai/narrative-entity-ontology#movesToward"": -0.95361328125, ""https://example.org/nlp-sdai/narrative-entity-ontology#holdsAttitudeToward"": -0.213623046875, ""https://example.org/nlp-sdai/narrative-entity-ontology#harms"": -1.474609375, ""https://example.org/nlp-sdai/narrative-entity-ontology#guides"": -1.0390625, ""https://example.org/nlp-sdai/narrative-entity-ontology#accompanies"": -0.93359375}",nli_grouped_softmax
pred_3207_srcm_271_tgtm_272,271,3207,3207,3208,272,4,3,"{""https://example.org/nlp-sdai/narrative-entity-ontology#hasMember"": 0.0}",single_candidate_router
pred_3690_srcm_307_tgtm_308,307,3690,3690,3691,308,0,3,"{""https://example.org/nlp-sdai/narrative-entity-ontology#movesToward"": -1.1083984375, ""https://example.org/nlp-sdai/narrative-entity-ontology#holdsAttitudeToward"": -0.9521484375, ""https://example.org/nlp-sdai/narrative-entity-ontology#harms"": -1.1240234375, ""https://example.org/nlp-sdai/narrative-entity-ontology#guides"": -1.2666015625, ""https://example.org/nlp-sdai/narrative-entity-ontology#accompanies"": -1.2373046875}",nli_grouped_softmax
pred_3999_srcm_342_tgtm_343,342,3999,3999,4002,343,8,3,"{""https://example.org/nlp-sdai/narrative-entity-ontology#movesToward"": -0.62548828125, ""https://example.org/nlp-sdai/narrative-entity-ontology#holdsAttitudeToward"": -0.6201171875, ""https://example.org/nlp-sdai/narrative-entity-ontology#harms"": -1.552734375, ""https://example.org/nlp-sdai/narrative-entity-ontology#guides"": -0.69287109375, ""https://example.org/nlp-sdai/narrative-entity-ontology#accompanies"": -1.09765625}",nli_grouped_softmax
pred_4409_srcm_384_tgtm_385,384,4409,4409,4410,385,3,0,"{""https://example.org/nlp-sdai/narrative-entity-ontology#movesToward"": -1.9873046875, ""https://example.org/nlp-sdai/narrative-entity-ontology#holdsAttitudeToward"": 0.74658203125, ""https://example.org/nlp-sdai/narrative-entity-ontology#harms"": -1.8974609375, ""https://example.org/nlp-sdai/narrative-entity-ontology#guides"": -2.455078125, ""https://example.org/nlp-sdai/narrative-entity-ontology#accompanies"": -2.87109375}",nli_grouped_softmax
pred_4524_srcm_403_tgtm_404,403,4524,4524,4525,404,6,3,"{""https://example.org/nlp-sdai/narrative-entity-ontology#movesToward"": -1.869140625, ""https://example.org/nlp-sdai/narrative-entity-ontology#holdsAttitudeToward"": -0.97802734375, ""https://example.org/nlp-sdai/narrative-entity-ontology#harms"": -2.21875, ""https://example.org/nlp-sdai/narrative-entity-ontology#guides"": -1.9482421875, ""https://example.org/nlp-sdai/narrative-entity-ontology#accompanies"": -2.125}",nli_grouped_softmax
pred_5444_srcm_493_tgtm_494,493,5444,5444,5446,494,3,8,"{""https://example.org/nlp-sdai/narrative-entity-ontology#movesToward"": -1.1337890625, ""https://example.org/nlp-sdai/narrative-entity-ontology#holdsAttitudeToward"": -1.1572265625, ""https://example.org/nlp-sdai/narrative-entity-ontology#harms"": -0.6318359375, ""https://example.org/nlp-sdai/narrative-entity-ontology#guides"": -1.697265625, ""https://example.org/nlp-sdai/narrative-entity-ontology#accompanies"": -2.34375}",nli_grouped_softmax
pred_5947_srcm_536_tgtm_538,536,5947,5947,5948,538,3,10,"{""https://example.org/nlp-sdai/narrative-entity-ontology#movesToward"": -1.2734375, ""https://example.org/nlp-sdai/narrative-entity-ontology#locatedIn"": -1.7705078125, ""https://example.org/nlp-sdai/narrative-entity-ontology#holdsAttitudeToward"": -0.91943359375, ""https://example.org/nlp-sdai/narrative-entity-ontology#harms"": -1.7216796875, ""https://example.org/nlp-sdai/narrative-entity-ontology#guides"": -1.4033203125}",nli_grouped_softmax
pred_7200_srcm_642_tgtm_643,642,7200,7200,7202,643,0,3,"{""https://example.org/nlp-sdai/narrative-entity-ontology#movesToward"": -0.7216796875, ""https://example.org/nlp-sdai/narrative-entity-ontology#holdsAttitudeToward"": -0.2081298828125, ""https://example.org/nlp-sdai/narrative-entity-ontology#harms"": -1.634765625, ""https://example.org/nlp-sdai/narrative-entity-ontology#guides"": -1.3046875, ""https://example.org/nlp-sdai/narrative-entity-ontology#accompanies"": -1.763671875}",nli_grouped_softmax
pred_7449_srcm_672_tgtm_673,672,7449,7449,7456,673,0,2,"{""https://example.org/nlp-sdai/narrative-entity-ontology#movesToward"": -1.072265625, ""https://example.org/nlp-sdai/narrative-entity-ontology#holdsAttitudeToward"": -0.2568359375, ""https://example.org/nlp-sdai/narrative-entity-ontology#harms"": -2.0859375, ""https://example.org/nlp-sdai/narrative-entity-ontology#guides"": -0.89697265625, ""https://example.org/nlp-sdai/narrative-entity-ontology#accompanies"": -1.2509765625}",nli_grouped_softmax
pred_7555_srcm_691_tgtm_693,691,7555,7555,7558,693,2,3,"{""https://example.org/nlp-sdai/narrative-entity-ontology#movesToward"": -0.8173828125, ""https://example.org/nlp-sdai/narrative-entity-ontology#holdsAttitudeToward"": -0.6787109375, ""https://example.org/nlp-sdai/narrative-entity-ontology#harms"": -1.8427734375, ""https://example.org/nlp-sdai/narrative-entity-ontology#guides"": -1.3193359375, ""https://example.org/nlp-sdai/narrative-entity-ontology#accompanies"": -1.6357421875}",nli_grouped_softmax
pred_7555_srcm_692_tgtm_693,692,7555,7555,7558,693,7,3,"{""https://example.org/nlp-sdai/narrative-entity-ontology#movesToward"": -0.74267578125, ""https://example.org/nlp-sdai/narrative-entity-ontology#holdsAttitudeToward"": -0.63037109375, ""https://example.org/nlp-sdai/narrative-entity-ontology#harms"": -1.80078125, ""https://example.org/nlp-sdai/narrative-entity-ontology#guides"": -1.2177734375, ""https://example.org/nlp-sdai/narrative-entity-ontology#accompanies"": -1.51171875}",nli_grouped_softmax
pred_7854_srcm_724_tgtm_726,724,7854,7854,7855,726,3,10,"{""https://example.org/nlp-sdai/narrative-entity-ontology#movesToward"": -0.92626953125, ""https://example.org/nlp-sdai/narrative-entity-ontology#locatedIn"": -1.9765625, ""https://example.org/nlp-sdai/narrative-entity-ontology#holdsAttitudeToward"": -0.75634765625, ""https://example.org/nlp-sdai/narrative-entity-ontology#harms"": -2.42578125, ""https://example.org/nlp-sdai/narrative-entity-ontology#guides"": -1.2861328125}",nli_grouped_softmax
pred_7942_srcm_738_tgtm_739,738,7942,7942,7944,739,6,10,"{""https://example.org/nlp-sdai/narrative-entity-ontology#movesToward"": -0.68505859375, ""https://example.org/nlp-sdai/narrative-entity-ontology#locatedIn"": -1.3828125, ""https://example.org/nlp-sdai/narrative-entity-ontology#holdsAttitudeToward"": -0.962890625, ""https://example.org/nlp-sdai/narrative-entity-ontology#harms"": -2.158203125, ""https://example.org/nlp-sdai/narrative-entity-ontology#guides"": -1.5859375}",nli_grouped_softmax
pred_8125_srcm_765_tgtm_766,765,8125,8125,8127,766,6,3,"{""https://example.org/nlp-sdai/narrative-entity-ontology#movesToward"": -1.568359375, ""https://example.org/nlp-sdai/narrative-entity-ontology#holdsAttitudeToward"": -0.92529296875, ""https://example.org/nlp-sdai/narrative-entity-ontology#harms"": -2.322265625, ""https://example.org/nlp-sdai/narrative-entity-ontology#guides"": -1.6416015625, ""https://example.org/nlp-sdai/narrative-entity-ontology#accompanies"": -1.556640625}",nli_grouped_softmax
pred_8273_srcm_788_tgtm_790,788,8273,8273,8274,790,3,6,"{""https://example.org/nlp-sdai/narrative-entity-ontology#movesToward"": -1.16796875, ""https://example.org/nlp-sdai/narrative-entity-ontology#holdsAttitudeToward"": -0.78369140625, ""https://example.org/nlp-sdai/narrative-entity-ontology#harms"": -0.9970703125, ""https://example.org/nlp-sdai/narrative-entity-ontology#guides"": -1.40625, ""https://example.org/nlp-sdai/narrative-entity-ontology#accompanies"": -1.5498046875}",nli_grouped_softmax
pred_8438_srcm_804_tgtm_805,804,8438,8438,8439,805,3,6,"{""https://example.org/nlp-sdai/narrative-entity-ontology#movesToward"": -1.908203125, ""https://example.org/nlp-sdai/narrative-entity-ontology#holdsAttitudeToward"": -1.2138671875, ""https://example.org/nlp-sdai/narrative-entity-ontology#harms"": -1.3720703125, ""https://example.org/nlp-sdai/narrative-entity-ontology#guides"": -2.2734375, ""https://example.org/nlp-sdai/narrative-entity-ontology#accompanies"": -2.66796875}",nli_grouped_softmax
pred_8647_srcm_833_tgtm_834,833,8647,8647,8649,834,6,3,"{""https://example.org/nlp-sdai/narrative-entity-ontology#movesToward"": -1.90625, ""https://example.org/nlp-sdai/narrative-entity-ontology#holdsAttitudeToward"": -1.16015625, ""https://example.org/nlp-sdai/narrative-entity-ontology#harms"": -1.9443359375, ""https://example.org/nlp-sdai/narrative-entity-ontology#guides"": -2.26953125, ""https://example.org/nlp-sdai/narrative-entity-ontology#accompanies"": -2.453125}",nli_grouped_softmax
pred_9133_srcm_881_tgtm_882,881,9133,9133,9135,882,6,3,"{""https://example.org/nlp-sdai/narrative-entity-ontology#movesToward"": 0.8486328125, ""https://example.org/nlp-sdai/narrative-entity-ontology#holdsAttitudeToward"": -1.111328125, ""https://example.org/nlp-sdai/narrative-entity-ontology#harms"": -1.982421875, ""https://example.org/nlp-sdai/narrative-entity-ontology#guides"": -1.4814453125, ""https://example.org/nlp-sdai/narrative-entity-ontology#accompanies"": -1.587890625}",nli_grouped_softmax
pred_9349_srcm_896_tgtm_897,896,9349,9349,9350,897,6,3,"{""https://example.org/nlp-sdai/narrative-entity-ontology#movesToward"": -1.025390625, ""https://example.org/nlp-sdai/narrative-entity-ontology#holdsAttitudeToward"": -0.85791015625, ""https://example.org/nlp-sdai/narrative-entity-ontology#harms"": -1.9658203125, ""https://example.org/nlp-sdai/narrative-entity-ontology#guides"": -0.75732421875, ""https://example.org/nlp-sdai/narrative-entity-ontology#accompanies"": -1.4697265625}",nli_grouped_softmax
pred_9354_srcm_898_tgtm_899,898,9354,9354,9356,899,6,3,"{""https://example.org/nlp-sdai/narrative-entity-ontology#movesToward"": -1.154296875, ""https://example.org/nlp-sdai/narrative-entity-ontology#holdsAttitudeToward"": -0.0188446044921875, ""https://example.org/nlp-sdai/narrative-entity-ontology#harms"": -1.9453125, ""https://example.org/nlp-sdai/narrative-entity-ontology#guides"": -1.1904296875, ""https://example.org/nlp-sdai/narrative-entity-ontology#accompanies"": -2.0}",nli_grouped_softmax
pred_9559_srcm_915_tgtm_916,915,9559,9559,9561,916,6,3,"{""https://example.org/nlp-sdai/narrative-entity-ontology#movesToward"": -1.48828125, ""https://example.org/nlp-sdai/narrative-entity-ontology#holdsAttitudeToward"": -0.3837890625, ""https://example.org/nlp-sdai/narrative-entity-ontology#harms"": -2.1875, ""https://example.org/nlp-sdai/narrative-entity-ontology#guides"": -1.630859375, ""https://example.org/nlp-sdai/narrative-entity-ontology#accompanies"": -2.083984375}",nli_grouped_softmax
pred_9772_srcm_944_tgtm_945,944,9772,9772,9773,945,3,6,"{""https://example.org/nlp-sdai/narrative-entity-ontology#movesToward"": -1.1005859375, ""https://example.org/nlp-sdai/narrative-entity-ontology#holdsAttitudeToward"": -0.9052734375, ""https://example.org/nlp-sdai/narrative-entity-ontology#harms"": -1.71484375, ""https://example.org/nlp-sdai/narrative-entity-ontology#guides"": -0.04595947265625, ""https://example.org/nlp-sdai/narrative-entity-ontology#accompanies"": -1.5166015625}",nli_grouped_softmax
pred_9772_srcm_944_tgtm_946,944,9772,9772,9775,946,3,10,"{""https://example.org/nlp-sdai/narrative-entity-ontology#movesToward"": -0.77294921875, ""https://example.org/nlp-sdai/narrative-entity-ontology#locatedIn"": -2.056640625, ""https://example.org/nlp-sdai/narrative-entity-ontology#holdsAttitudeToward"": -0.8662109375, ""https://example.org/nlp-sdai/narrative-entity-ontology#harms"": -1.787109375, ""https://example.org/nlp-sdai/narrative-entity-ontology#guides"": 0.400634765625}",nli_grouped_softmax
pred_10104_srcm_985_tgtm_988,985,10104,10104,10105,988,5,1,"{""https://example.org/nlp-sdai/narrative-entity-ontology#movesToward"": -0.681640625, ""https://example.org/nlp-sdai/narrative-entity-ontology#locatedIn"": -0.5546875, ""https://example.org/nlp-sdai/narrative-entity-ontology#holdsAttitudeToward"": -0.06475830078125, ""https://example.org/nlp-sdai/narrative-entity-ontology#harms"": -1.822265625, ""https://example.org/nlp-sdai/narrative-entity-ontology#guides"": -0.60302734375}",nli_grouped_softmax
pred_10104_srcm_985_tgtm_989,985,10104,10104,10108,989,5,1,"{""https://example.org/nlp-sdai/narrative-entity-ontology#movesToward"": -0.63330078125, ""https://example.org/nlp-sdai/narrative-entity-ontology#locatedIn"": -0.38671875, ""https://example.org/nlp-sdai/narrative-entity-ontology#holdsAttitudeToward"": -0.0625, ""https://example.org/nlp-sdai/narrative-entity-ontology#harms"": -1.697265625, ""https://example.org/nlp-sdai/narrative-entity-ontology#guides"": -0.57275390625}",nli_grouped_softmax
pred_10166_srcm_996_tgtm_997,996,10166,10166,10167,997,0,12,"{""https://example.org/nlp-sdai/narrative-entity-ontology#movesToward"": -1.0283203125, ""https://example.org/nlp-sdai/narrative-entity-ontology#memberOf"": -1.646484375, ""https://example.org/nlp-sdai/narrative-entity-ontology#holdsAttitudeToward"": -1.1728515625, ""https://example.org/nlp-sdai/narrative-entity-ontology#harms"": -1.7001953125, ""https://example.org/nlp-sdai/narrative-entity-ontology#guides"": -1.45703125}",nli_grouped_softmax
pred_10234_srcm_1006_tgtm_1007,1006,10234,10234,10235,1007,0,2,"{""https://example.org/nlp-sdai/narrative-entity-ontology#movesToward"": -0.7802734375, ""https://example.org/nlp-sdai/narrative-entity-ontology#holdsAttitudeToward"": -0.291015625, ""https://example.org/nlp-sdai/narrative-entity-ontology#harms"": -1.29296875, ""https://example.org/nlp-sdai/narrative-entity-ontology#guides"": -0.8408203125, ""https://example.org/nlp-sdai/narrative-entity-ontology#accompanies"": -0.76806640625}",nli_grouped_softmax
pred_10234_srcm_1006_tgtm_1008,1006,10234,10234,10235,1008,0,11,"{""https://example.org/nlp-sdai/narrative-entity-ontology#movesToward"": -0.65673828125, ""https://example.org/nlp-sdai/narrative-entity-ontology#holdsAttitudeToward"": -0.277099609375, ""https://example.org/nlp-sdai/narrative-entity-ontology#harms"": -1.3408203125, ""https://example.org/nlp-sdai/narrative-entity-ontology#guides"": -0.8408203125, ""https://example.org/nlp-sdai/narrative-entity-ontology#accompanies"": -0.67431640625}",nli_grouped_softmax
pred_10234_srcm_1006_tgtm_1009,1006,10234,10234,10235,1009,0,14,"{""https://example.org/nlp-sdai/narrative-entity-ontology#movesToward"": -0.869140625, ""https://example.org/nlp-sdai/narrative-entity-ontology#holdsAttitudeToward"": -0.293212890625, ""https://example.org/nlp-sdai/narrative-entity-ontology#harms"": -1.2998046875, ""https://example.org/nlp-sdai/narrative-entity-ontology#guides"": -0.9990234375, ""https://example.org/nlp-sdai/narrative-entity-ontology#accompanies"": -0.97998046875}",nli_grouped_softmax
pred_10479_srcm_1052_tgtm_1053,1052,10479,10479,10480,1053,0,2,"{""https://example.org/nlp-sdai/narrative-entity-ontology#movesToward"": -0.89111328125, ""https://example.org/nlp-sdai/narrative-entity-ontology#holdsAttitudeToward"": -0.354248046875, ""https://example.org/nlp-sdai/narrative-entity-ontology#harms"": -1.6337890625, ""https://example.org/nlp-sdai/narrative-entity-ontology#guides"": -0.576171875, ""https://example.org/nlp-sdai/narrative-entity-ontology#accompanies"": -1.109375}",nli_grouped_softmax
pred_10479_srcm_1052_tgtm_1054,1052,10479,10479,10480,1054,0,11,"{""https://example.org/nlp-sdai/narrative-entity-ontology#movesToward"": -0.77587890625, ""https://example.org/nlp-sdai/narrative-entity-ontology#holdsAttitudeToward"": -0.1346435546875, ""https://example.org/nlp-sdai/narrative-entity-ontology#harms"": -1.5791015625, ""https://example.org/nlp-sdai/narrative-entity-ontology#guides"": -0.458251953125, ""https://example.org/nlp-sdai/narrative-entity-ontology#accompanies"": -0.83642578125}",nli_grouped_softmax
pred_10479_srcm_1052_tgtm_1055,1052,10479,10479,10480,1055,0,14,"{""https://example.org/nlp-sdai/narrative-entity-ontology#movesToward"": -0.91552734375, ""https://example.org/nlp-sdai/narrative-entity-ontology#holdsAttitudeToward"": -0.379150390625, ""https://example.org/nlp-sdai/narrative-entity-ontology#harms"": -1.640625, ""https://example.org/nlp-sdai/narrative-entity-ontology#guides"": -0.63232421875, ""https://example.org/nlp-sdai/narrative-entity-ontology#accompanies"": -1.0166015625}",nli_grouped_softmax
pred_10530_srcm_1072_tgtm_1073,1072,10530,10530,10531,1073,0,2,"{""https://example.org/nlp-sdai/narrative-entity-ontology#movesToward"": -0.97998046875, ""https://example.org/nlp-sdai/narrative-entity-ontology#holdsAttitudeToward"": -0.2012939453125, ""https://example.org/nlp-sdai/narrative-entity-ontology#harms"": -2.84375, ""https://example.org/nlp-sdai/narrative-entity-ontology#guides"": -0.99853515625, ""https://example.org/nlp-sdai/narrative-entity-ontology#accompanies"": -0.60498046875}",nli_grouped_softmax
pred_10530_srcm_1072_tgtm_1074,1072,10530,10530,10531,1074,0,11,"{""https://example.org/nlp-sdai/narrative-entity-ontology#movesToward"": -1.0478515625, ""https://example.org/nlp-sdai/narrative-entity-ontology#holdsAttitudeToward"": -0.385009765625, ""https://example.org/nlp-sdai/narrative-entity-ontology#harms"": -2.984375, ""https://example.org/nlp-sdai/narrative-entity-ontology#guides"": -1.1005859375, ""https://example.org/nlp-sdai/narrative-entity-ontology#accompanies"": -0.6904296875}",nli_grouped_softmax
pred_10530_srcm_1072_tgtm_1075,1072,10530,10530,10531,1075,0,14,"{""https://example.org/nlp-sdai/narrative-entity-ontology#movesToward"": -0.7275390625, ""https://example.org/nlp-sdai/narrative-entity-ontology#holdsAttitudeToward"": 0.1307373046875, ""https://example.org/nlp-sdai/narrative-entity-ontology#harms"": -2.814453125, ""https://example.org/nlp-sdai/narrative-entity-ontology#guides"": -0.57763671875, ""https://example.org/nlp-sdai/narrative-entity-ontology#accompanies"": -0.19775390625}",nli_grouped_softmax
pred_10556_srcm_1081_tgtm_1084,1081,10556,10556,10558,1084,2,0,"{""https://example.org/nlp-sdai/narrative-entity-ontology#movesToward"": -0.95068359375, ""https://example.org/nlp-sdai/narrative-entity-ontology#holdsAttitudeToward"": -0.43505859375, ""https://example.org/nlp-sdai/narrative-entity-ontology#harms"": -2.654296875, ""https://example.org/nlp-sdai/narrative-entity-ontology#guides"": -0.90380859375, ""https://example.org/nlp-sdai/narrative-entity-ontology#accompanies"": -0.8369140625}",nli_grouped_softmax
pred_10556_srcm_1082_tgtm_1084,1082,10556,10556,10558,1084,11,0,"{""https://example.org/nlp-sdai/narrative-entity-ontology#movesToward"": -0.86962890625, ""https://example.org/nlp-sdai/narrative-entity-ontology#holdsAttitudeToward"": -0.1962890625, ""https://example.org/nlp-sdai/narrative-entity-ontology#harms"": -2.669921875, ""https://example.org/nlp-sdai/narrative-entity-ontology#guides"": -0.80810546875, ""https://example.org/nlp-sdai/narrative-entity-ontology#accompanies"": -0.68798828125}",nli_grouped_softmax
pred_10556_srcm_1083_tgtm_1084,1083,10556,10556,10558,1084,14,0,"{""https://example.org/nlp-sdai/narrative-entity-ontology#movesToward"": -0.7099609375, ""https://example.org/nlp-sdai/narrative-entity-ontology#holdsAttitudeToward"": -0.267333984375, ""https://example.org/nlp-sdai/narrative-entity-ontology#harms"": -2.658203125, ""https://example.org/nlp-sdai/narrative-entity-ontology#guides"": -0.63720703125, ""https://example.org/nlp-sdai/narrative-entity-ontology#accompanies"": -0.49658203125}",nli_grouped_softmax
pred_10563_srcm_1085_tgtm_1086,1085,10563,10563,10564,1086,0,2,"{""https://example.org/nlp-sdai/narrative-entity-ontology#movesToward"": -0.63623046875, ""https://example.org/nlp-sdai/narrative-entity-ontology#holdsAttitudeToward"": -0.0950927734375, ""https://example.org/nlp-sdai/narrative-entity-ontology#harms"": -2.59765625, ""https://example.org/nlp-sdai/narrative-entity-ontology#guides"": -0.86865234375, ""https://example.org/nlp-sdai/narrative-entity-ontology#accompanies"": -0.6591796875}",nli_grouped_softmax
pred_10563_srcm_1085_tgtm_1087,1085,10563,10563,10564,1087,0,11,"{""https://example.org/nlp-sdai/narrative-entity-ontology#movesToward"": -0.662109375, ""https://example.org/nlp-sdai/narrative-entity-ontology#holdsAttitudeToward"": 0.07366943359375, ""https://example.org/nlp-sdai/narrative-entity-ontology#harms"": -2.591796875, ""https://example.org/nlp-sdai/narrative-entity-ontology#guides"": -0.8876953125, ""https://example.org/nlp-sdai/narrative-entity-ontology#accompanies"": -0.74658203125}",nli_grouped_softmax
pred_10563_srcm_1085_tgtm_1088,1085,10563,10563,10564,1088,0,14,"{""https://example.org/nlp-sdai/narrative-entity-ontology#movesToward"": -0.77685546875, ""https://example.org/nlp-sdai/narrative-entity-ontology#holdsAttitudeToward"": -0.15380859375, ""https://example.org/nlp-sdai/narrative-entity-ontology#harms"": -2.57421875, ""https://example.org/nlp-sdai/narrative-entity-ontology#guides"": -0.91796875, ""https://example.org/nlp-sdai/narrative-entity-ontology#accompanies"": -0.78466796875}",nli_grouped_softmax
pred_10580_srcm_1092_tgtm_1095,1092,10580,10580,10581,1095,2,6,"{""https://example.org/nlp-sdai/narrative-entity-ontology#movesToward"": -1.1826171875, ""https://example.org/nlp-sdai/narrative-entity-ontology#holdsAttitudeToward"": -0.451416015625, ""https://example.org/nlp-sdai/narrative-entity-ontology#harms"": -1.744140625, ""https://example.org/nlp-sdai/narrative-entity-ontology#guides"": -1.63671875, ""https://example.org/nlp-sdai/narrative-entity-ontology#accompanies"": -1.7158203125}",nli_grouped_softmax
pred_10580_srcm_1093_tgtm_1095,1093,10580,10580,10581,1095,11,6,"{""https://example.org/nlp-sdai/narrative-entity-ontology#movesToward"": -0.86376953125, ""https://example.org/nlp-sdai/narrative-entity-ontology#holdsAttitudeToward"": -0.05450439453125, ""https://example.org/nlp-sdai/narrative-entity-ontology#harms"": -1.931640625, ""https://example.org/nlp-sdai/narrative-entity-ontology#guides"": -1.4716796875, ""https://example.org/nlp-sdai/narrative-entity-ontology#accompanies"": -1.853515625}",nli_grouped_softmax
pred_10580_srcm_1094_tgtm_1095,1094,10580,10580,10581,1095,14,6,"{""https://example.org/nlp-sdai/narrative-entity-ontology#movesToward"": -1.3896484375, ""https://example.org/nlp-sdai/narrative-entity-ontology#holdsAttitudeToward"": -0.36572265625, ""https://example.org/nlp-sdai/narrative-entity-ontology#harms"": -1.8154296875, ""https://example.org/nlp-sdai/narrative-entity-ontology#guides"": -1.8447265625, ""https://example.org/nlp-sdai/narrative-entity-ontology#accompanies"": -2.0546875}",nli_grouped_softmax
pred_10937_srcm_1144_tgtm_1145,1144,10937,10937,10939,1145,6,13,"{""https://example.org/nlp-sdai/narrative-entity-ontology#movesToward"": -1.5, ""https://example.org/nlp-sdai/narrative-entity-ontology#memberOf"": -1.68359375, ""https://example.org/nlp-sdai/narrative-entity-ontology#holdsAttitudeToward"": -0.8447265625, ""https://example.org/nlp-sdai/narrative-entity-ontology#harms"": -2.861328125, ""https://example.org/nlp-sdai/narrative-entity-ontology#guides"": -2.01171875}",nli_grouped_softmax
pred_11027_srcm_1154_tgtm_1155,1154,11027,11027,11029,1155,0,5,"{""https://example.org/nlp-sdai/narrative-entity-ontology#movesToward"": -1.021484375, ""https://example.org/nlp-sdai/narrative-entity-ontology#holdsAttitudeToward"": -0.8076171875, ""https://example.org/nlp-sdai/narrative-entity-ontology#harms"": -1.701171875, ""https://example.org/nlp-sdai/narrative-entity-ontology#guides"": -0.8798828125, ""https://example.org/nlp-sdai/narrative-entity-ontology#accompanies"": -1.1826171875}",nli_grouped_softmax
pred_11027_srcm_1154_tgtm_1156,1154,11027,11027,11029,1156,0,6,"{""https://example.org/nlp-sdai/narrative-entity-ontology#movesToward"": -1.0283203125, ""https://example.org/nlp-sdai/narrative-entity-ontology#holdsAttitudeToward"": -0.65869140625, ""https://example.org/nlp-sdai/narrative-entity-ontology#harms"": -1.708984375, ""https://example.org/nlp-sdai/narrative-entity-ontology#guides"": -0.99072265625, ""https://example.org/nlp-sdai/narrative-entity-ontology#accompanies"": -0.89111328125}",nli_grouped_softmax
pred_11092_srcm_1165_tgtm_1166,1165,11092,11092,11093,1166,0,13,"{""https://example.org/nlp-sdai/narrative-entity-ontology#movesToward"": -0.28564453125, ""https://example.org/nlp-sdai/narrative-entity-ontology#memberOf"": -0.59521484375, ""https://example.org/nlp-sdai/narrative-entity-ontology#holdsAttitudeToward"": -0.65478515625, ""https://example.org/nlp-sdai/narrative-entity-ontology#harms"": -1.2060546875, ""https://example.org/nlp-sdai/narrative-entity-ontology#guides"": -0.371826171875}",nli_grouped_softmax
pred_11235_srcm_1176_tgtm_1177,1176,11235,11235,11236,1177,5,6,"{""https://example.org/nlp-sdai/narrative-entity-ontology#movesToward"": -1.3076171875, ""https://example.org/nlp-sdai/narrative-entity-ontology#holdsAttitudeToward"": -0.7060546875, ""https://example.org/nlp-sdai/narrative-entity-ontology#harms"": -1.2724609375, ""https://example.org/nlp-sdai/narrative-entity-ontology#guides"": -1.6259765625, ""https://example.org/nlp-sdai/narrative-entity-ontology#accompanies"": -1.751953125}",nli_grouped_softmax
pred_11288_srcm_1185_tgtm_1186,1185,11288,11288,11293,1186,6,13,"{""https://example.org/nlp-sdai/narrative-entity-ontology#movesToward"": -1.5390625, ""https://example.org/nlp-sdai/narrative-entity-ontology#memberOf"": -2.2265625, ""https://example.org/nlp-sdai/narrative-entity-ontology#holdsAttitudeToward"": -0.89208984375, ""https://example.org/nlp-sdai/narrative-entity-ontology#harms"": -1.8232421875, ""https://example.org/nlp-sdai/narrative-entity-ontology#guides"": -2.15234375}",nli_grouped_softmax
pred_11379_srcm_1203_tgtm_1204,1203,11379,11379,11380,1204,5,6,"{""https://example.org/nlp-sdai/narrative-entity-ontology#movesToward"": -1.208984375, ""https://example.org/nlp-sdai/narrative-entity-ontology#holdsAttitudeToward"": -0.5830078125, ""https://example.org/nlp-sdai/narrative-entity-ontology#harms"": -2.01953125, ""https://example.org/nlp-sdai/narrative-entity-ontology#guides"": -1.3994140625, ""https://example.org/nlp-sdai/narrative-entity-ontology#accompanies"": -1.4462890625}",nli_grouped_softmax
pred_11443_srcm_1216_tgtm_1217,1216,11443,11443,11444,1217,3,6,"{""https://example.org/nlp-sdai/narrative-entity-ontology#movesToward"": -1.427734375, ""https://example.org/nlp-sdai/narrative-entity-ontology#holdsAttitudeToward"": -0.5458984375, ""https://example.org/nlp-sdai/narrative-entity-ontology#harms"": -1.9130859375, ""https://example.org/nlp-sdai/narrative-entity-ontology#guides"": -1.443359375, ""https://example.org/nlp-sdai/narrative-entity-ontology#accompanies"": -1.75}",nli_grouped_softmax
pred_11480_srcm_1221_tgtm_1222,1221,11480,11480,11481,1222,6,13,"{""https://example.org/nlp-sdai/narrative-entity-ontology#movesToward"": -0.8037109375, ""https://example.org/nlp-sdai/narrative-entity-ontology#memberOf"": -1.349609375, ""https://example.org/nlp-sdai/narrative-entity-ontology#holdsAttitudeToward"": -0.5576171875, ""https://example.org/nlp-sdai/narrative-entity-ontology#harms"": -1.5400390625, ""https://example.org/nlp-sdai/narrative-entity-ontology#guides"": 1.0234375}",nli_grouped_softmax
pred_12284_srcm_1286_tgtm_1287,1286,12284,12284,12285,1287,0,2,"{""https://example.org/nlp-sdai/narrative-entity-ontology#movesToward"": -1.0341796875, ""https://example.org/nlp-sdai/narrative-entity-ontology#holdsAttitudeToward"": -1.064453125, ""https://example.org/nlp-sdai/narrative-entity-ontology#harms"": -2.345703125, ""https://example.org/nlp-sdai/narrative-entity-ontology#guides"": -1.1904296875, ""https://example.org/nlp-sdai/narrative-entity-ontology#accompanies"": -1.3046875}",nli_grouped_softmax
pred_12284_srcm_1286_tgtm_1288,1286,12284,12284,12285,1288,0,14,"{""https://example.org/nlp-sdai/narrative-entity-ontology#movesToward"": -1.138671875, ""https://example.org/nlp-sdai/narrative-entity-ontology#holdsAttitudeToward"": -1.138671875, ""https://example.org/nlp-sdai/narrative-entity-ontology#harms"": -2.287109375, ""https://example.org/nlp-sdai/narrative-entity-ontology#guides"": -1.27734375, ""https://example.org/nlp-sdai/narrative-entity-ontology#accompanies"": -1.4208984375}",nli_grouped_softmax
pred_12638_srcm_1335_tgtm_1337,1335,12638,12638,12639,1337,2,0,"{""https://example.org/nlp-sdai/narrative-entity-ontology#movesToward"": -0.73828125, ""https://example.org/nlp-sdai/narrative-entity-ontology#holdsAttitudeToward"": -0.024932861328125, ""https://example.org/nlp-sdai/narrative-entity-ontology#harms"": -2.5703125, ""https://example.org/nlp-sdai/narrative-entity-ontology#guides"": -0.66259765625, ""https://example.org/nlp-sdai/narrative-entity-ontology#accompanies"": -0.642578125}",nli_grouped_softmax
pred_12638_srcm_1336_tgtm_1337,1336,12638,12638,12639,1337,14,0,"{""https://example.org/nlp-sdai/narrative-entity-ontology#movesToward"": -0.93212890625, ""https://example.org/nlp-sdai/narrative-entity-ontology#holdsAttitudeToward"": -0.2169189453125, ""https://example.org/nlp-sdai/narrative-entity-ontology#harms"": -2.39453125, ""https://example.org/nlp-sdai/narrative-entity-ontology#guides"": -0.92626953125, ""https://example.org/nlp-sdai/narrative-entity-ontology#accompanies"": -0.93798828125}",nli_grouped_softmax
pred_12638_srcm_1335_tgtm_1334,1335,12638,12638,12642,1334,2,0,"{""https://example.org/nlp-sdai/narrative-entity-ontology#movesToward"": -0.70751953125, ""https://example.org/nlp-sdai/narrative-entity-ontology#holdsAttitudeToward"": 0.52490234375, ""https://example.org/nlp-sdai/narrative-entity-ontology#harms"": -2.87109375, ""https://example.org/nlp-sdai/narrative-entity-ontology#guides"": -0.29345703125, ""https://example.org/nlp-sdai/narrative-entity-ontology#accompanies"": -0.369140625}",nli_grouped_softmax
pred_12638_srcm_1336_tgtm_1334,1336,12638,12638,12642,1334,14,0,"{""https://example.org/nlp-sdai/narrative-entity-ontology#movesToward"": -0.96923828125, ""https://example.org/nlp-sdai/narrative-entity-ontology#holdsAttitudeToward"": -0.250732421875, ""https://example.org/nlp-sdai/narrative-entity-ontology#harms"": -2.7890625, ""https://example.org/nlp-sdai/narrative-entity-ontology#guides"": -0.80419921875, ""https://example.org/nlp-sdai/narrative-entity-ontology#accompanies"": -0.95947265625}",nli_grouped_softmax
pred_12657_srcm_1343_tgtm_1348,1343,12657,12657,12658,1348,6,3,"{""https://example.org/nlp-sdai/narrative-entity-ontology#movesToward"": -2.033203125, ""https://example.org/nlp-sdai/narrative-entity-ontology#holdsAttitudeToward"": -1.357421875, ""https://example.org/nlp-sdai/narrative-entity-ontology#harms"": -2.50390625, ""https://example.org/nlp-sdai/narrative-entity-ontology#guides"": -2.21484375, ""https://example.org/nlp-sdai/narrative-entity-ontology#accompanies"": -2.783203125}",nli_grouped_softmax
pred_12767_srcm_1366_tgtm_1368,1366,12767,12767,12768,1368,2,0,"{""https://example.org/nlp-sdai/narrative-entity-ontology#movesToward"": -1.537109375, ""https://example.org/nlp-sdai/narrative-entity-ontology#holdsAttitudeToward"": -0.94384765625, ""https://example.org/nlp-sdai/narrative-entity-ontology#harms"": -2.40234375, ""https://example.org/nlp-sdai/narrative-entity-ontology#guides"": -1.5419921875, ""https://example.org/nlp-sdai/narrative-entity-ontology#accompanies"": -1.72265625}",nli_grouped_softmax
pred_12767_srcm_1367_tgtm_1368,1367,12767,12767,12768,1368,14,0,"{""https://example.org/nlp-sdai/narrative-entity-ontology#movesToward"": -1.3876953125, ""https://example.org/nlp-sdai/narrative-entity-ontology#holdsAttitudeToward"": -0.7255859375, ""https://example.org/nlp-sdai/narrative-entity-ontology#harms"": -2.240234375, ""https://example.org/nlp-sdai/narrative-entity-ontology#guides"": -1.39453125, ""https://example.org/nlp-sdai/narrative-entity-ontology#accompanies"": -1.3173828125}",nli_grouped_softmax
pred_12916_srcm_1397_tgtm_1398,1397,12916,12916,12917,1398,3,6,"{""https://example.org/nlp-sdai/narrative-entity-ontology#movesToward"": -1.5869140625, ""https://example.org/nlp-sdai/narrative-entity-ontology#holdsAttitudeToward"": -0.80859375, ""https://example.org/nlp-sdai/narrative-entity-ontology#harms"": -2.361328125, ""https://example.org/nlp-sdai/narrative-entity-ontology#guides"": -1.787109375, ""https://example.org/nlp-sdai/narrative-entity-ontology#accompanies"": -2.47265625}",nli_grouped_softmax
pred_12934_srcm_1399_tgtm_1400,1399,12934,12934,12936,1400,6,10,"{""https://example.org/nlp-sdai/narrative-entity-ontology#movesToward"": -1.12890625, ""https://example.org/nlp-sdai/narrative-entity-ontology#locatedIn"": -2.2265625, ""https://example.org/nlp-sdai/narrative-entity-ontology#holdsAttitudeToward"": -0.44873046875, ""https://example.org/nlp-sdai/narrative-entity-ontology#harms"": -2.529296875, ""https://example.org/nlp-sdai/narrative-entity-ontology#guides"": -1.275390625}",nli_grouped_softmax
pred_13385_srcm_1448_tgtm_1449,1448,13385,13385,13386,1449,6,0,"{""https://example.org/nlp-sdai/narrative-entity-ontology#movesToward"": -1.5947265625, ""https://example.org/nlp-sdai/narrative-entity-ontology#holdsAttitudeToward"": -1.015625, ""https://example.org/nlp-sdai/narrative-entity-ontology#harms"": -1.8251953125, ""https://example.org/nlp-sdai/narrative-entity-ontology#guides"": -1.197265625, ""https://example.org/nlp-sdai/narrative-entity-ontology#accompanies"": -1.5458984375}",nli_grouped_softmax
pred_13394_srcm_1451_tgtm_1452,1451,13394,13394,13397,1452,6,3,"{""https://example.org/nlp-sdai/narrative-entity-ontology#movesToward"": -1.4716796875, ""https://example.org/nlp-sdai/narrative-entity-ontology#holdsAttitudeToward"": -1.1572265625, ""https://example.org/nlp-sdai/narrative-entity-ontology#harms"": -1.849609375, ""https://example.org/nlp-sdai/narrative-entity-ontology#guides"": -1.498046875, ""https://example.org/nlp-sdai/narrative-entity-ontology#accompanies"": -2.14453125}",nli_grouped_softmax
pred_13427_srcm_1457_tgtm_1458,1457,13427,13427,13428,1458,6,14,"{""https://example.org/nlp-sdai/narrative-entity-ontology#movesToward"": -1.671875, ""https://example.org/nlp-sdai/narrative-entity-ontology#holdsAttitudeToward"": -0.9951171875, ""https://example.org/nlp-sdai/narrative-entity-ontology#harms"": -1.9990234375, ""https://example.org/nlp-sdai/narrative-entity-ontology#guides"": -1.40625, ""https://example.org/nlp-sdai/narrative-entity-ontology#accompanies"": -1.869140625}",nli_grouped_softmax
pred_13444_srcm_1461_tgtm_1462,1461,13444,13444,13445,1462,6,14,"{""https://example.org/nlp-sdai/narrative-entity-ontology#movesToward"": -1.671875, ""https://example.org/nlp-sdai/narrative-entity-ontology#holdsAttitudeToward"": -0.9951171875, ""https://example.org/nlp-sdai/narrative-entity-ontology#harms"": -1.9990234375, ""https://example.org/nlp-sdai/narrative-entity-ontology#guides"": -1.40625, ""https://example.org/nlp-sdai/narrative-entity-ontology#accompanies"": -1.869140625}",nli_grouped_softmax
pred_13452_srcm_1463_tgtm_1464,1463,13452,13452,13453,1464,6,3,"{""https://example.org/nlp-sdai/narrative-entity-ontology#movesToward"": -1.390625, ""https://example.org/nlp-sdai/narrative-entity-ontology#holdsAttitudeToward"": -0.48193359375, ""https://example.org/nlp-sdai/narrative-entity-ontology#harms"": -1.6259765625, ""https://example.org/nlp-sdai/narrative-entity-ontology#guides"": -1.388671875, ""https://example.org/nlp-sdai/narrative-entity-ontology#accompanies"": -1.787109375}",nli_grouped_softmax
