cluster_assertion_id,source_cluster_id,object_property_iri,target_cluster_id,support_assignment_ids_json,aggregation_method,aggregated_score
src_1_prop_holdsAttitudeToward_tgt_3,1,https://example.org/nlp-sdai/narrative-entity-ontology#holdsAttitudeToward,3,"[""pred_439_srcm_24_tgtm_25"", ""pred_2560_srcm_215_tgtm_216"", ""pred_3449_srcm_328_tgtm_330"", ""pred_3557_srcm_349_tgtm_351"", ""pred_3599_srcm_359_tgtm_361"", ""pred_34001_srcm_5488_tgtm_5489"", ""pred_34001_srcm_5488_tgtm_5490""]",sum_softmax_by_cluster_pair,2.554809585253976
src_1_prop_holdsAttitudeToward_tgt_8,1,https://example.org/nlp-sdai/narrative-entity-ontology#holdsAttitudeToward,8,"[""pred_2370_srcm_193_tgtm_194""]",sum_softmax_by_cluster_pair,0.29792482542620313
src_1_prop_guides_tgt_9,1,https://example.org/nlp-sdai/narrative-entity-ontology#guides,9,"[""pred_3492_srcm_337_tgtm_339""]",sum_softmax_by_cluster_pair,0.46643687931481526
src_3_prop_holdsAttitudeToward_tgt_0,3,https://example.org/nlp-sdai/narrative-entity-ontology#holdsAttitudeToward,0,"[""pred_5123_srcm_559_tgtm_560"", ""pred_6551_srcm_818_tgtm_821"", ""pred_6611_srcm_829_tgtm_830"", ""pred_21656_srcm_3338_tgtm_3339"", ""pred_21685_srcm_3346_tgtm_3350"", ""pred_22875_srcm_3535_tgtm_3536"", ""pred_23455_srcm_3644_tgtm_3646"", ""pred_41232_srcm_6567_tgtm_6568"", ""pred_46950_srcm_7372_tgtm_7373""]",sum_softmax_by_cluster_pair,2.9439155967004975
src_3_prop_holdsAttitudeToward_tgt_1,3,https://example.org/nlp-sdai/narrative-entity-ontology#holdsAttitudeToward,1,"[""pred_25082_srcm_4003_tgtm_4004"", ""pred_30752_srcm_4946_tgtm_4947""]",sum_softmax_by_cluster_pair,0.95039519624843
src_3_prop_guides_tgt_2,3,https://example.org/nlp-sdai/narrative-entity-ontology#guides,2,"[""pred_21656_srcm_3338_tgtm_3340"", ""pred_21685_srcm_3346_tgtm_3351"", ""pred_21920_srcm_3380_tgtm_3381"", ""pred_22435_srcm_3481_tgtm_3482"", ""pred_23371_srcm_3625_tgtm_3626"", ""pred_23455_srcm_3644_tgtm_3647"", ""pred_38334_srcm_6115_tgtm_6116"", ""pred_40163_srcm_6401_tgtm_6402""]",sum_softmax_by_cluster_pair,2.6311704560528666
src_3_prop_holdsAttitudeToward_tgt_4,3,https://example.org/nlp-sdai/narrative-entity-ontology#holdsAttitudeToward,4,"[""pred_563_srcm_35_tgtm_36"", ""pred_830_srcm_55_tgtm_56"", ""pred_1115_srcm_76_tgtm_77"", ""pred_4166_srcm_446_tgtm_447"", ""pred_13325_srcm_1999_tgtm_2000"", ""pred_17567_srcm_2625_tgtm_2627"", ""pred_18560_srcm_2781_tgtm_2782"", ""pred_21694_srcm_3352_tgtm_3354"", ""pred_27787_srcm_4475_tgtm_4476"", ""pred_39298_srcm_6230_tgtm_6231"", ""pred_39333_srcm_6235_tgtm_6236"", ""pred_39337_srcm_6238_tgtm_6239"", ""pred_47732_srcm_7505_tgtm_7506""]",sum_softmax_by_cluster_pair,3.4715560821790077
src_3_prop_holdsAttitudeToward_tgt_5,3,https://example.org/nlp-sdai/narrative-entity-ontology#holdsAttitudeToward,5,"[""pred_2515_srcm_209_tgtm_210"", ""pred_3007_srcm_258_tgtm_259"", ""pred_5139_srcm_562_tgtm_564""]",sum_softmax_by_cluster_pair,0.9663902899710121
src_3_prop_holdsAttitudeToward_tgt_7,3,https://example.org/nlp-sdai/narrative-entity-ontology#holdsAttitudeToward,7,"[""pred_5139_srcm_562_tgtm_565"", ""pred_21694_srcm_3352_tgtm_3353"", ""pred_21694_srcm_3352_tgtm_3356"", ""pred_25866_srcm_4147_tgtm_4149"", ""pred_26569_srcm_4292_tgtm_4296""]",sum_softmax_by_cluster_pair,1.7787735072357211
src_3_prop_holdsAttitudeToward_tgt_8,3,https://example.org/nlp-sdai/narrative-entity-ontology#holdsAttitudeToward,8,"[""pred_23627_srcm_3682_tgtm_3683"", ""pred_23656_srcm_3689_tgtm_3692"", ""pred_23680_srcm_3699_tgtm_3702"", ""pred_23775_srcm_3734_tgtm_3735"", ""pred_23916_srcm_3776_tgtm_3777"", ""pred_24284_srcm_3832_tgtm_3833"", ""pred_24312_srcm_3838_tgtm_3839"", ""pred_24762_srcm_3937_tgtm_3938"", ""pred_25244_srcm_4035_tgtm_4037"", ""pred_28265_srcm_4551_tgtm_4552"", ""pred_29219_srcm_4701_tgtm_4702"", ""pred_29398_srcm_4728_tgtm_4729"", ""pred_33665_srcm_5408_tgtm_5409"", ""pred_34386_srcm_5567_tgtm_5568"", ""pred_36209_srcm_5833_tgtm_5834"", ""pred_36222_srcm_5835_tgtm_5836""]",sum_softmax_by_cluster_pair,4.579865359151238
src_3_prop_holdsAttitudeToward_tgt_9,3,https://example.org/nlp-sdai/narrative-entity-ontology#holdsAttitudeToward,9,"[""pred_3689_srcm_375_tgtm_376"", ""pred_6013_srcm_726_tgtm_727"", ""pred_22664_srcm_3500_tgtm_3501"", ""pred_22707_srcm_3507_tgtm_3508"", ""pred_23079_srcm_3568_tgtm_3569"", ""pred_23187_srcm_3588_tgtm_3589"", ""pred_23239_srcm_3598_tgtm_3599"", ""pred_23627_srcm_3682_tgtm_3684"", ""pred_23680_srcm_3699_tgtm_3703"", ""pred_23775_srcm_3734_tgtm_3736"", ""pred_23916_srcm_3776_tgtm_3778"", ""pred_24102_srcm_3810_tgtm_3811"", ""pred_24284_srcm_3832_tgtm_3834"", ""pred_24312_srcm_3838_tgtm_3840"", ""pred_24762_srcm_3937_tgtm_3939"", ""pred_36195_srcm_5829_tgtm_5831"", ""pred_36922_srcm_5934_tgtm_5935"", ""pred_36992_srcm_5949_tgtm_5950"", ""pred_37350_srcm_5995_tgtm_5996"", ""pred_37445_srcm_6008_tgtm_6010"", ""pred_38167_srcm_6090_tgtm_6091"", ""pred_40984_srcm_6521_tgtm_6522"", ""pred_41277_srcm_6575_tgtm_6576"", ""pred_48016_srcm_7545_tgtm_7544""]",sum_softmax_by_cluster_pair,7.916582250479443
src_3_prop_holdsAttitudeToward_tgt_10,3,https://example.org/nlp-sdai/narrative-entity-ontology#holdsAttitudeToward,10,"[""pred_22745_srcm_3511_tgtm_3512"", ""pred_23151_srcm_3584_tgtm_3585"", ""pred_23268_srcm_3604_tgtm_3605"", ""pred_23423_srcm_3638_tgtm_3639"", ""pred_23600_srcm_3675_tgtm_3674"", ""pred_23656_srcm_3689_tgtm_3693""]",sum_softmax_by_cluster_pair,1.8655470047213036
src_3_prop_holdsAttitudeToward_tgt_11,3,https://example.org/nlp-sdai/narrative-entity-ontology#holdsAttitudeToward,11,"[""pred_3402_srcm_318_tgtm_319"", ""pred_5703_srcm_651_tgtm_652"", ""pred_5819_srcm_679_tgtm_681"", ""pred_14538_srcm_2130_tgtm_2131"", ""pred_15118_srcm_2224_tgtm_2230"", ""pred_17960_srcm_2695_tgtm_2697"", ""pred_19431_srcm_2939_tgtm_2938"", ""pred_19492_srcm_2949_tgtm_2950"", ""pred_22435_srcm_3481_tgtm_3483"", ""pred_23371_srcm_3625_tgtm_3627"", ""pred_41260_srcm_6571_tgtm_6573""]",sum_softmax_by_cluster_pair,3.2623979732964776
src_3_prop_holdsAttitudeToward_tgt_12,3,https://example.org/nlp-sdai/narrative-entity-ontology#holdsAttitudeToward,12,"[""pred_30060_srcm_4834_tgtm_4835"", ""pred_30468_srcm_4909_tgtm_4910"", ""pred_33033_srcm_5290_tgtm_5291""]",sum_softmax_by_cluster_pair,0.9147220737652662
src_3_prop_holdsAttitudeToward_tgt_14,3,https://example.org/nlp-sdai/narrative-entity-ontology#holdsAttitudeToward,14,"[""pred_5200_srcm_571_tgtm_572"", ""pred_5674_srcm_643_tgtm_646"", ""pred_6337_srcm_770_tgtm_772"", ""pred_6551_srcm_818_tgtm_820"", ""pred_6933_srcm_881_tgtm_883"", ""pred_7170_srcm_933_tgtm_935"", ""pred_7612_srcm_1016_tgtm_1017"", ""pred_8077_srcm_1081_tgtm_1083"", ""pred_8432_srcm_1133_tgtm_1135"", ""pred_11118_srcm_1631_tgtm_1632"", ""pred_11131_srcm_1635_tgtm_1636"", ""pred_12167_srcm_1807_tgtm_1809"", ""pred_17389_srcm_2594_tgtm_2597"", ""pred_17709_srcm_2645_tgtm_2647"", ""pred_18018_srcm_2704_tgtm_2706"", ""pred_23600_srcm_3675_tgtm_3677"", ""pred_23646_srcm_3686_tgtm_3688"", ""pred_23663_srcm_3694_tgtm_3696"", ""pred_40984_srcm_6521_tgtm_6523"", ""pred_41666_srcm_6651_tgtm_6652"", ""pred_41907_srcm_6680_tgtm_6681"", ""pred_43808_srcm_6925_tgtm_6926"", ""pred_43817_srcm_6930_tgtm_6931"", ""pred_43834_srcm_6937_tgtm_6938""]",sum_softmax_by_cluster_pair,7.41449638134428
src_3_prop_holdsAttitudeToward_tgt_15,3,https://example.org/nlp-sdai/narrative-entity-ontology#holdsAttitudeToward,15,"[""pred_8820_srcm_1213_tgtm_1215"", ""pred_15902_srcm_2370_tgtm_2372"", ""pred_17803_srcm_2667_tgtm_2668"", ""pred_19225_srcm_2905_tgtm_2906"", ""pred_19340_srcm_2924_tgtm_2925""]",sum_softmax_by_cluster_pair,1.995082063970413
src_3_prop_movesToward_tgt_16,3,https://example.org/nlp-sdai/narrative-entity-ontology#movesToward,16,"[""pred_10511_srcm_1522_tgtm_1525""]",sum_softmax_by_cluster_pair,0.37495789125939866
src_3_prop_holdsAttitudeToward_tgt_17,3,https://example.org/nlp-sdai/narrative-entity-ontology#holdsAttitudeToward,17,"[""pred_12167_srcm_1807_tgtm_1810"", ""pred_15902_srcm_2370_tgtm_2373"", ""pred_17389_srcm_2594_tgtm_2598"", ""pred_17709_srcm_2645_tgtm_2648"", ""pred_25244_srcm_4035_tgtm_4038"", ""pred_28552_srcm_4594_tgtm_4595"", ""pred_28576_srcm_4599_tgtm_4600"", ""pred_32618_srcm_5224_tgtm_5225"", ""pred_32654_srcm_5233_tgtm_5234"", ""pred_32717_srcm_5242_tgtm_5243"", ""pred_39333_srcm_6235_tgtm_6237"", ""pred_39337_srcm_6238_tgtm_6240""]",sum_softmax_by_cluster_pair,3.561495761315784
src_3_prop_holdsAttitudeToward_tgt_18,3,https://example.org/nlp-sdai/narrative-entity-ontology#holdsAttitudeToward,18,"[""pred_14581_srcm_2138_tgtm_2139"", ""pred_43392_srcm_6855_tgtm_6856"", ""pred_43808_srcm_6925_tgtm_6927"", ""pred_43817_srcm_6930_tgtm_6932"", ""pred_43834_srcm_6937_tgtm_6939""]",sum_softmax_by_cluster_pair,1.928776379566854
src_3_prop_holdsAttitudeToward_tgt_19,3,https://example.org/nlp-sdai/narrative-entity-ontology#holdsAttitudeToward,19,"[""pred_17402_srcm_2600_tgtm_2602"", ""pred_24291_srcm_3835_tgtm_3836"", ""pred_26252_srcm_4220_tgtm_4222"", ""pred_47638_srcm_7485_tgtm_7486""]",sum_softmax_by_cluster_pair,1.2521685048963136
src_3_prop_holdsAttitudeToward_tgt_20,3,https://example.org/nlp-sdai/narrative-entity-ontology#holdsAttitudeToward,20,"[""pred_19524_srcm_2954_tgtm_2955"", ""pred_23627_srcm_3682_tgtm_3685""]",sum_softmax_by_cluster_pair,0.626190053791476
src_3_prop_holdsAttitudeToward_tgt_21,3,https://example.org/nlp-sdai/narrative-entity-ontology#holdsAttitudeToward,21,"[""pred_18339_srcm_2747_tgtm_2749"", ""pred_19225_srcm_2905_tgtm_2907"", ""pred_19340_srcm_2924_tgtm_2926"", ""pred_21685_srcm_3346_tgtm_3348""]",sum_softmax_by_cluster_pair,1.4464983355571661
src_3_prop_holdsAttitudeToward_tgt_23,3,https://example.org/nlp-sdai/narrative-entity-ontology#holdsAttitudeToward,23,"[""pred_26569_srcm_4292_tgtm_4297""]",sum_softmax_by_cluster_pair,0.3682022164138729
src_3_prop_holdsAttitudeToward_tgt_24,3,https://example.org/nlp-sdai/narrative-entity-ontology#holdsAttitudeToward,24,"[""pred_33033_srcm_5290_tgtm_5292"", ""pred_45978_srcm_7235_tgtm_7236"", ""pred_47604_srcm_7476_tgtm_7477""]",sum_softmax_by_cluster_pair,0.9710411324540293
src_3_prop_holdsAttitudeToward_tgt_25,3,https://example.org/nlp-sdai/narrative-entity-ontology#holdsAttitudeToward,25,"[""pred_43667_srcm_6898_tgtm_6899"", ""pred_43781_srcm_6918_tgtm_6919""]",sum_softmax_by_cluster_pair,0.8585406914496864
src_3_prop_holdsAttitudeToward_tgt_26,3,https://example.org/nlp-sdai/narrative-entity-ontology#holdsAttitudeToward,26,"[""pred_45978_srcm_7235_tgtm_7237"", ""pred_46724_srcm_7336_tgtm_7337"", ""pred_46790_srcm_7347_tgtm_7348"", ""pred_47714_srcm_7498_tgtm_7499"", ""pred_47968_srcm_7535_tgtm_7536""]",sum_softmax_by_cluster_pair,1.6452987408711643
src_4_prop_locatedIn_tgt_0,4,https://example.org/nlp-sdai/narrative-entity-ontology#locatedIn,0,"[""pred_17476_srcm_2610_tgtm_2611""]",sum_softmax_by_cluster_pair,0.6335018086194459
src_4_prop_movesToward_tgt_2,4,https://example.org/nlp-sdai/narrative-entity-ontology#movesToward,2,"[""pred_1061_srcm_71_tgtm_72""]",sum_softmax_by_cluster_pair,0.40122794035347137
src_4_prop_holdsAttitudeToward_tgt_3,4,https://example.org/nlp-sdai/narrative-entity-ontology#holdsAttitudeToward,3,"[""pred_4288_srcm_463_tgtm_464"", ""pred_6077_srcm_740_tgtm_741"", ""pred_16508_srcm_2455_tgtm_2457"", ""pred_18566_srcm_2783_tgtm_2784"", ""pred_20171_srcm_3062_tgtm_3063""]",sum_softmax_by_cluster_pair,1.3568623694001065
src_4_prop_holdsAttitudeToward_tgt_5,4,https://example.org/nlp-sdai/narrative-entity-ontology#holdsAttitudeToward,5,"[""pred_2204_srcm_168_tgtm_169""]",sum_softmax_by_cluster_pair,0.28584837259070284
src_4_prop_movesToward_tgt_14,4,https://example.org/nlp-sdai/narrative-entity-ontology#movesToward,14,"[""pred_42354_srcm_6746_tgtm_6747""]",sum_softmax_by_cluster_pair,0.2805372312821588
src_4_prop_movesToward_tgt_15,4,https://example.org/nlp-sdai/narrative-entity-ontology#movesToward,15,"[""pred_41441_srcm_6609_tgtm_6610""]",sum_softmax_by_cluster_pair,0.4817928364073726
src_4_prop_holdsAttitudeToward_tgt_17,4,https://example.org/nlp-sdai/narrative-entity-ontology#holdsAttitudeToward,17,"[""pred_12015_srcm_1778_tgtm_1779"", ""pred_42354_srcm_6746_tgtm_6748""]",sum_softmax_by_cluster_pair,0.8999512758109629
src_5_prop_hasMember_tgt_1,5,https://example.org/nlp-sdai/narrative-entity-ontology#hasMember,1,"[""pred_3722_srcm_384_tgtm_385""]",sum_softmax_by_cluster_pair,1.0
src_5_prop_hasMember_tgt_3,5,https://example.org/nlp-sdai/narrative-entity-ontology#hasMember,3,"[""pred_3449_srcm_329_tgtm_330"", ""pred_3557_srcm_350_tgtm_351"", ""pred_3599_srcm_360_tgtm_361"", ""pred_4905_srcm_529_tgtm_530"", ""pred_4913_srcm_531_tgtm_532""]",sum_softmax_by_cluster_pair,5.0
src_5_prop_hasMember_tgt_9,5,https://example.org/nlp-sdai/narrative-entity-ontology#hasMember,9,"[""pred_3492_srcm_338_tgtm_339""]",sum_softmax_by_cluster_pair,1.0
src_6_prop_locatedIn_tgt_11,6,https://example.org/nlp-sdai/narrative-entity-ontology#locatedIn,11,"[""pred_4243_srcm_456_tgtm_458""]",sum_softmax_by_cluster_pair,0.5117166047041654
src_6_prop_hasMember_tgt_12,6,https://example.org/nlp-sdai/narrative-entity-ontology#hasMember,12,"[""pred_33263_srcm_5334_tgtm_5336""]",sum_softmax_by_cluster_pair,1.0
src_6_prop_hasMember_tgt_19,6,https://example.org/nlp-sdai/narrative-entity-ontology#hasMember,19,"[""pred_18528_srcm_2775_tgtm_2776""]",sum_softmax_by_cluster_pair,1.0
src_7_prop_locatedIn_tgt_2,7,https://example.org/nlp-sdai/narrative-entity-ontology#locatedIn,2,"[""pred_33921_srcm_5470_tgtm_5472""]",sum_softmax_by_cluster_pair,1.0
src_7_prop_locatedIn_tgt_11,7,https://example.org/nlp-sdai/narrative-entity-ontology#locatedIn,11,"[""pred_33642_srcm_5405_tgtm_5407"", ""pred_36836_srcm_5918_tgtm_5919""]",sum_softmax_by_cluster_pair,2.0
src_7_prop_memberOf_tgt_24,7,https://example.org/nlp-sdai/narrative-entity-ontology#memberOf,24,"[""pred_33884_srcm_5460_tgtm_5462""]",sum_softmax_by_cluster_pair,1.0
src_8_prop_holdsAttitudeToward_tgt_3,8,https://example.org/nlp-sdai/narrative-entity-ontology#holdsAttitudeToward,3,"[""pred_23787_srcm_3738_tgtm_3740"", ""pred_23819_srcm_3747_tgtm_3750"", ""pred_24432_srcm_3862_tgtm_3864"", ""pred_24883_srcm_3964_tgtm_3966"", ""pred_28214_srcm_4540_tgtm_4541"", ""pred_28235_srcm_4544_tgtm_4545"", ""pred_28348_srcm_4563_tgtm_4562"", ""pred_28951_srcm_4665_tgtm_4666""]",sum_softmax_by_cluster_pair,2.488582064049024
src_8_prop_harms_tgt_4,8,https://example.org/nlp-sdai/narrative-entity-ontology#harms,4,"[""pred_28721_srcm_4626_tgtm_4627""]",sum_softmax_by_cluster_pair,0.35785660876985087
src_8_prop_holdsAttitudeToward_tgt_9,8,https://example.org/nlp-sdai/narrative-entity-ontology#holdsAttitudeToward,9,"[""pred_24486_srcm_3875_tgtm_3878"", ""pred_24746_srcm_3932_tgtm_3935"", ""pred_27186_srcm_4394_tgtm_4396""]",sum_softmax_by_cluster_pair,0.8277624374801839
src_8_prop_harms_tgt_10,8,https://example.org/nlp-sdai/narrative-entity-ontology#harms,10,"[""pred_26356_srcm_4249_tgtm_4251""]",sum_softmax_by_cluster_pair,0.23277382044714717
src_8_prop_harms_tgt_12,8,https://example.org/nlp-sdai/narrative-entity-ontology#harms,12,"[""pred_26907_srcm_4346_tgtm_4347"", ""pred_26907_srcm_4346_tgtm_4348"", ""pred_27005_srcm_4367_tgtm_4368"", ""pred_28646_srcm_4613_tgtm_4614"", ""pred_29809_srcm_4779_tgtm_4780""]",sum_softmax_by_cluster_pair,1.4520610753232277
src_8_prop_holdsAttitudeToward_tgt_14,8,https://example.org/nlp-sdai/narrative-entity-ontology#holdsAttitudeToward,14,"[""pred_23787_srcm_3738_tgtm_3741""]",sum_softmax_by_cluster_pair,0.3116230610714238
src_8_prop_holdsAttitudeToward_tgt_17,8,https://example.org/nlp-sdai/narrative-entity-ontology#holdsAttitudeToward,17,"[""pred_24791_srcm_3946_tgtm_3948"", ""pred_24818_srcm_3952_tgtm_3954"", ""pred_24883_srcm_3964_tgtm_3967"", ""pred_28426_srcm_4575_tgtm_4576"", ""pred_28430_srcm_4577_tgtm_4578"", ""pred_28448_srcm_4579_tgtm_4580"", ""pred_28470_srcm_4584_tgtm_4585""]",sum_softmax_by_cluster_pair,2.154169673417867
src_8_prop_holdsAttitudeToward_tgt_24,8,https://example.org/nlp-sdai/narrative-entity-ontology#holdsAttitudeToward,24,"[""pred_33212_srcm_5324_tgtm_5325""]",sum_softmax_by_cluster_pair,0.33605102236048434
src_9_prop_guides_tgt_0,9,https://example.org/nlp-sdai/narrative-entity-ontology#guides,0,"[""pred_19982_srcm_3036_tgtm_3037""]",sum_softmax_by_cluster_pair,0.3409136131278853
src_9_prop_movesToward_tgt_2,9,https://example.org/nlp-sdai/narrative-entity-ontology#movesToward,2,"[""pred_19863_srcm_3013_tgtm_3015"", ""pred_33614_srcm_5397_tgtm_5401"", ""pred_35043_srcm_5690_tgtm_5693"", ""pred_37222_srcm_5979_tgtm_5980"", ""pred_37460_srcm_6013_tgtm_6014""]",sum_softmax_by_cluster_pair,1.4210329553003926
src_9_prop_holdsAttitudeToward_tgt_3,9,https://example.org/nlp-sdai/narrative-entity-ontology#holdsAttitudeToward,3,"[""pred_3412_srcm_320_tgtm_321"", ""pred_5830_srcm_683_tgtm_684"", ""pred_5863_srcm_693_tgtm_694"", ""pred_7530_srcm_1002_tgtm_1003"", ""pred_8932_srcm_1242_tgtm_1243"", ""pred_8979_srcm_1253_tgtm_1254"", ""pred_12404_srcm_1863_tgtm_1864"", ""pred_19460_srcm_2943_tgtm_2944"", ""pred_19913_srcm_3022_tgtm_3023"", ""pred_22307_srcm_3448_tgtm_3449"", ""pred_22317_srcm_3450_tgtm_3451"", ""pred_22405_srcm_3476_tgtm_3477"", ""pred_23039_srcm_3558_tgtm_3559"", ""pred_23052_srcm_3562_tgtm_3563"", ""pred_23104_srcm_3576_tgtm_3577"", ""pred_23194_srcm_3591_tgtm_3592"", ""pred_23395_srcm_3631_tgtm_3632"", ""pred_23417_srcm_3635_tgtm_3636"", ""pred_23787_srcm_3739_tgtm_3740"", ""pred_23819_srcm_3748_tgtm_3750"", ""pred_24432_srcm_3863_tgtm_3864"", ""pred_24883_srcm_3965_tgtm_3966"", ""pred_33362_srcm_5359_tgtm_5361"", ""pred_33604_srcm_5395_tgtm_5396"", ""pred_35091_srcm_5699_tgtm_5700"", ""pred_38240_srcm_6103_tgtm_6104"", ""pred_38339_srcm_6117_tgtm_6118"", ""pred_38451_srcm_6134_tgtm_6135"", ""pred_38712_srcm_6153_tgtm_6154"", ""pred_38792_srcm_6164_tgtm_6166"", ""pred_39732_srcm_6323_tgtm_6325"", ""pred_41014_srcm_6530_tgtm_6532""]",sum_softmax_by_cluster_pair,11.717166792590143
src_9_prop_holdsAttitudeToward_tgt_7,9,https://example.org/nlp-sdai/narrative-entity-ontology#holdsAttitudeToward,7,"[""pred_33614_srcm_5397_tgtm_5398"", ""pred_33791_srcm_5439_tgtm_5440"", ""pred_33836_srcm_5448_tgtm_5449"", ""pred_34463_srcm_5579_tgtm_5581"", ""pred_34463_srcm_5579_tgtm_5583"", ""pred_35043_srcm_5690_tgtm_5691"", ""pred_35123_srcm_5703_tgtm_5704"", ""pred_35435_srcm_5737_tgtm_5738"", ""pred_37046_srcm_5959_tgtm_5960""]",sum_softmax_by_cluster_pair,3.8280572990994686
src_9_prop_holdsAttitudeToward_tgt_8,9,https://example.org/nlp-sdai/narrative-entity-ontology#holdsAttitudeToward,8,"[""pred_24486_srcm_3876_tgtm_3877"", ""pred_24746_srcm_3933_tgtm_3934""]",sum_softmax_by_cluster_pair,0.563333258913931
src_9_prop_holdsAttitudeToward_tgt_10,9,https://example.org/nlp-sdai/narrative-entity-ontology#holdsAttitudeToward,10,"[""pred_33939_srcm_5473_tgtm_5475""]",sum_softmax_by_cluster_pair,0.305190495386236
src_9_prop_holdsAttitudeToward_tgt_11,9,https://example.org/nlp-sdai/narrative-entity-ontology#holdsAttitudeToward,11,"[""pred_2790_srcm_244_tgtm_245"", ""pred_19553_srcm_2959_tgtm_2960"", ""pred_20641_srcm_3143_tgtm_3144"", ""pred_35845_srcm_5780_tgtm_5781"", ""pred_35845_srcm_5780_tgtm_5782"", ""pred_38577_srcm_6148_tgtm_6149"", ""pred_39528_srcm_6275_tgtm_6277""]",sum_softmax_by_cluster_pair,1.9229399449728062
src_9_prop_holdsAttitudeToward_tgt_14,9,https://example.org/nlp-sdai/narrative-entity-ontology#holdsAttitudeToward,14,"[""pred_5830_srcm_683_tgtm_685"", ""pred_5863_srcm_693_tgtm_695"", ""pred_7530_srcm_1002_tgtm_1004"", ""pred_8979_srcm_1253_tgtm_1255"", ""pred_11831_srcm_1748_tgtm_1749"", ""pred_19758_srcm_2992_tgtm_2993"", ""pred_19850_srcm_3010_tgtm_3012"", ""pred_22368_srcm_3463_tgtm_3464"", ""pred_23787_srcm_3739_tgtm_3741"", ""pred_34932_srcm_5662_tgtm_5666"", ""pred_39055_srcm_6203_tgtm_6204"", ""pred_39543_srcm_6280_tgtm_6282"", ""pred_39652_srcm_6303_tgtm_6306"", ""pred_39652_srcm_6303_tgtm_6304""]",sum_softmax_by_cluster_pair,5.050802213534954
src_9_prop_holdsAttitudeToward_tgt_15,9,https://example.org/nlp-sdai/narrative-entity-ontology#holdsAttitudeToward,15,"[""pred_16047_srcm_2396_tgtm_2397"", ""pred_19460_srcm_2943_tgtm_2945"", ""pred_33614_srcm_5397_tgtm_5399"", ""pred_33791_srcm_5439_tgtm_5441"", ""pred_33836_srcm_5448_tgtm_5450"", ""pred_34463_srcm_5579_tgtm_5582"", ""pred_34463_srcm_5579_tgtm_5584"", ""pred_35043_srcm_5690_tgtm_5692"", ""pred_35123_srcm_5703_tgtm_5705""]",sum_softmax_by_cluster_pair,3.2914442962644213
src_9_prop_holdsAttitudeToward_tgt_17,9,https://example.org/nlp-sdai/narrative-entity-ontology#holdsAttitudeToward,17,"[""pred_11813_srcm_1745_tgtm_1746"", ""pred_12404_srcm_1863_tgtm_1865"", ""pred_24791_srcm_3947_tgtm_3948"", ""pred_24818_srcm_3953_tgtm_3954"", ""pred_24883_srcm_3965_tgtm_3967"", ""pred_36583_srcm_5885_tgtm_5886"", ""pred_36605_srcm_5887_tgtm_5888"", ""pred_37985_srcm_6064_tgtm_6065""]",sum_softmax_by_cluster_pair,2.8795088274345306
src_9_prop_holdsAttitudeToward_tgt_19,9,https://example.org/nlp-sdai/narrative-entity-ontology#holdsAttitudeToward,19,"[""pred_19802_srcm_3001_tgtm_3002""]",sum_softmax_by_cluster_pair,0.37755064973727503
src_9_prop_holdsAttitudeToward_tgt_20,9,https://example.org/nlp-sdai/narrative-entity-ontology#holdsAttitudeToward,20,"[""pred_19802_srcm_3001_tgtm_3003"", ""pred_22368_srcm_3463_tgtm_3465""]",sum_softmax_by_cluster_pair,0.6854531613569279
src_9_prop_holdsAttitudeToward_tgt_21,9,https://example.org/nlp-sdai/narrative-entity-ontology#holdsAttitudeToward,21,"[""pred_21551_srcm_3312_tgtm_3313""]",sum_softmax_by_cluster_pair,0.4015746259093393
src_9_prop_holdsAttitudeToward_tgt_22,9,https://example.org/nlp-sdai/narrative-entity-ontology#holdsAttitudeToward,22,"[""pred_21551_srcm_3312_tgtm_3314""]",sum_softmax_by_cluster_pair,0.3917515866717767
src_9_prop_holdsAttitudeToward_tgt_24,9,https://example.org/nlp-sdai/narrative-entity-ontology#holdsAttitudeToward,24,"[""pred_33939_srcm_5473_tgtm_5474""]",sum_softmax_by_cluster_pair,0.28680967500733673
src_10_prop_holdsAttitudeToward_tgt_3,10,https://example.org/nlp-sdai/narrative-entity-ontology#holdsAttitudeToward,3,"[""pred_22801_srcm_3520_tgtm_3521"", ""pred_23600_srcm_3676_tgtm_3673""]",sum_softmax_by_cluster_pair,0.6449832099038524
src_10_prop_holdsAttitudeToward_tgt_9,10,https://example.org/nlp-sdai/narrative-entity-ontology#holdsAttitudeToward,9,"[""pred_36152_srcm_5818_tgtm_5819""]",sum_softmax_by_cluster_pair,0.3527886029851119
src_10_prop_holdsAttitudeToward_tgt_14,10,https://example.org/nlp-sdai/narrative-entity-ontology#holdsAttitudeToward,14,"[""pred_23600_srcm_3676_tgtm_3677""]",sum_softmax_by_cluster_pair,0.3504159339611381
src_10_prop_holdsAttitudeToward_tgt_15,10,https://example.org/nlp-sdai/narrative-entity-ontology#holdsAttitudeToward,15,"[""pred_14844_srcm_2164_tgtm_2165""]",sum_softmax_by_cluster_pair,0.40587103291519133
src_10_prop_holdsAttitudeToward_tgt_22,10,https://example.org/nlp-sdai/narrative-entity-ontology#holdsAttitudeToward,22,"[""pred_25525_srcm_4091_tgtm_4092""]",sum_softmax_by_cluster_pair,0.3186261028747857
src_10_prop_movesToward_tgt_23,10,https://example.org/nlp-sdai/narrative-entity-ontology#movesToward,23,"[""pred_25525_srcm_4091_tgtm_4093""]",sum_softmax_by_cluster_pair,0.322747467655058
src_11_prop_locatedIn_tgt_13,11,https://example.org/nlp-sdai/narrative-entity-ontology#locatedIn,13,"[""pred_15416_srcm_2281_tgtm_2280""]",sum_softmax_by_cluster_pair,0.35792652470414765
src_12_prop_holdsAttitudeToward_tgt_3,12,https://example.org/nlp-sdai/narrative-entity-ontology#holdsAttitudeToward,3,"[""pred_26961_srcm_4359_tgtm_4360"", ""pred_27928_srcm_4493_tgtm_4495"", ""pred_27949_srcm_4501_tgtm_4503"", ""pred_30091_srcm_4837_tgtm_4838"", ""pred_30936_srcm_4986_tgtm_4985""]",sum_softmax_by_cluster_pair,1.33577794375895
src_12_prop_accompanies_tgt_4,12,https://example.org/nlp-sdai/narrative-entity-ontology#accompanies,4,"[""pred_30922_srcm_4982_tgtm_4983""]",sum_softmax_by_cluster_pair,0.2512303779062845
src_12_prop_guides_tgt_7,12,https://example.org/nlp-sdai/narrative-entity-ontology#guides,7,"[""pred_33348_srcm_5354_tgtm_5356""]",sum_softmax_by_cluster_pair,0.32997437286037584
src_12_prop_movesToward_tgt_11,12,https://example.org/nlp-sdai/narrative-entity-ontology#movesToward,11,"[""pred_31787_srcm_5116_tgtm_5119""]",sum_softmax_by_cluster_pair,0.32961205715460545
src_12_prop_holdsAttitudeToward_tgt_14,12,https://example.org/nlp-sdai/narrative-entity-ontology#holdsAttitudeToward,14,"[""pred_30897_srcm_4976_tgtm_4977"", ""pred_30949_srcm_4988_tgtm_4987""]",sum_softmax_by_cluster_pair,0.69110782850671
src_12_prop_movesToward_tgt_15,12,https://example.org/nlp-sdai/narrative-entity-ontology#movesToward,15,"[""pred_31110_srcm_5011_tgtm_5012"", ""pred_31787_srcm_5116_tgtm_5118"", ""pred_33348_srcm_5354_tgtm_5357""]",sum_softmax_by_cluster_pair,1.0925860995836494
src_12_prop_holdsAttitudeToward_tgt_17,12,https://example.org/nlp-sdai/narrative-entity-ontology#holdsAttitudeToward,17,"[""pred_30012_srcm_4821_tgtm_4822"", ""pred_32989_srcm_5278_tgtm_5280""]",sum_softmax_by_cluster_pair,0.5227484060083529
src_12_prop_holdsAttitudeToward_tgt_19,12,https://example.org/nlp-sdai/narrative-entity-ontology#holdsAttitudeToward,19,"[""pred_30012_srcm_4821_tgtm_4823"", ""pred_30897_srcm_4976_tgtm_4978"", ""pred_30969_srcm_4991_tgtm_4990""]",sum_softmax_by_cluster_pair,1.0660150354978708
src_14_prop_guides_tgt_2,14,https://example.org/nlp-sdai/narrative-entity-ontology#guides,2,"[""pred_24614_srcm_3916_tgtm_3919""]",sum_softmax_by_cluster_pair,0.5292286001727547
src_14_prop_holdsAttitudeToward_tgt_3,14,https://example.org/nlp-sdai/narrative-entity-ontology#holdsAttitudeToward,3,"[""pred_5397_srcm_597_tgtm_598"", ""pred_5570_srcm_623_tgtm_624"", ""pred_5674_srcm_644_tgtm_645"", ""pred_5819_srcm_680_tgtm_682"", ""pred_5851_srcm_689_tgtm_690"", ""pred_6350_srcm_778_tgtm_779"", ""pred_6737_srcm_847_tgtm_848"", ""pred_6755_srcm_851_tgtm_852"", ""pred_7150_srcm_927_tgtm_928"", ""pred_7880_srcm_1051_tgtm_1052"", ""pred_7954_srcm_1062_tgtm_1063"", ""pred_9428_srcm_1324_tgtm_1326"", ""pred_15063_srcm_2210_tgtm_2212"", ""pred_15889_srcm_2363_tgtm_2364"", ""pred_16407_srcm_2433_tgtm_2434"", ""pred_16929_srcm_2534_tgtm_2535"", ""pred_17813_srcm_2673_tgtm_2675"", ""pred_18145_srcm_2715_tgtm_2716"", ""pred_18590_srcm_2790_tgtm_2791"", ""pred_20699_srcm_3157_tgtm_3159"", ""pred_22358_srcm_3459_tgtm_3461"", ""pred_23656_srcm_3690_tgtm_3691"", ""pred_23680_srcm_3700_tgtm_3701"", ""pred_25283_srcm_4046_tgtm_4047"", ""pred_30293_srcm_4870_tgtm_4873"", ""pred_33858_srcm_5453_tgtm_5454"", ""pred_40857_srcm_6491_tgtm_6493"", ""pred_41014_srcm_6531_tgtm_6532"", ""pred_41654_srcm_6647_tgtm_6648"", ""pred_42460_srcm_6762_tgtm_6763""]",sum_softmax_by_cluster_pair,9.237649178130674
src_14_prop_holdsAttitudeToward_tgt_7,14,https://example.org/nlp-sdai/narrative-entity-ontology#holdsAttitudeToward,7,"[""pred_17793_srcm_2662_tgtm_2664"", ""pred_26569_srcm_4293_tgtm_4296""]",sum_softmax_by_cluster_pair,0.7026960821144024
src_14_prop_holdsAttitudeToward_tgt_8,14,https://example.org/nlp-sdai/narrative-entity-ontology#holdsAttitudeToward,8,"[""pred_23656_srcm_3690_tgtm_3692"", ""pred_23680_srcm_3700_tgtm_3702""]",sum_softmax_by_cluster_pair,0.6291027118245454
src_14_prop_holdsAttitudeToward_tgt_9,14,https://example.org/nlp-sdai/narrative-entity-ontology#holdsAttitudeToward,9,"[""pred_11736_srcm_1727_tgtm_1728"", ""pred_21395_srcm_3255_tgtm_3259"", ""pred_21508_srcm_3295_tgtm_3297"", ""pred_21527_srcm_3300_tgtm_3302"", ""pred_21532_srcm_3303_tgtm_3305"", ""pred_22326_srcm_3452_tgtm_3455"", ""pred_22391_srcm_3471_tgtm_3473"", ""pred_23680_srcm_3700_tgtm_3703"", ""pred_31448_srcm_5062_tgtm_5064"", ""pred_39055_srcm_6204_tgtm_6203"", ""pred_39652_srcm_6304_tgtm_6305"", ""pred_39652_srcm_6304_tgtm_6303""]",sum_softmax_by_cluster_pair,4.246897200181507
src_14_prop_holdsAttitudeToward_tgt_10,14,https://example.org/nlp-sdai/narrative-entity-ontology#holdsAttitudeToward,10,"[""pred_23656_srcm_3690_tgtm_3693""]",sum_softmax_by_cluster_pair,0.3275846328027054
src_14_prop_guides_tgt_11,14,https://example.org/nlp-sdai/narrative-entity-ontology#guides,11,"[""pred_5819_srcm_680_tgtm_681"", ""pred_9037_srcm_1262_tgtm_1263"", ""pred_15118_srcm_2225_tgtm_2230"", ""pred_15195_srcm_2244_tgtm_2246"", ""pred_20699_srcm_3157_tgtm_3163"", ""pred_25391_srcm_4062_tgtm_4065"", ""pred_39528_srcm_6276_tgtm_6277"", ""pred_39754_srcm_6330_tgtm_6331""]",sum_softmax_by_cluster_pair,2.647088903391808
src_14_prop_holdsAttitudeToward_tgt_15,14,https://example.org/nlp-sdai/narrative-entity-ontology#holdsAttitudeToward,15,"[""pred_8820_srcm_1214_tgtm_1215"", ""pred_9030_srcm_1259_tgtm_1261"", ""pred_9162_srcm_1281_tgtm_1283"", ""pred_15000_srcm_2191_tgtm_2193"", ""pred_15902_srcm_2371_tgtm_2372"", ""pred_20699_srcm_3157_tgtm_3160""]",sum_softmax_by_cluster_pair,1.9190484638765006
src_14_prop_holdsAttitudeToward_tgt_17,14,https://example.org/nlp-sdai/narrative-entity-ontology#holdsAttitudeToward,17,"[""pred_15902_srcm_2371_tgtm_2373"", ""pred_16545_srcm_2460_tgtm_2461"", ""pred_24614_srcm_3916_tgtm_3918""]",sum_softmax_by_cluster_pair,0.8679888890861094
src_14_prop_holdsAttitudeToward_tgt_19,14,https://example.org/nlp-sdai/narrative-entity-ontology#holdsAttitudeToward,19,"[""pred_16407_srcm_2433_tgtm_2435"", ""pred_17949_srcm_2693_tgtm_2694"", ""pred_23959_srcm_3783_tgtm_3785"", ""pred_42361_srcm_6749_tgtm_6750""]",sum_softmax_by_cluster_pair,1.2765089281866924
src_14_prop_guides_tgt_20,14,https://example.org/nlp-sdai/narrative-entity-ontology#guides,20,"[""pred_20681_srcm_3148_tgtm_3151"", ""pred_20681_srcm_3148_tgtm_3152"", ""pred_21361_srcm_3246_tgtm_3249"", ""pred_22326_srcm_3452_tgtm_3453"", ""pred_23507_srcm_3656_tgtm_3658""]",sum_softmax_by_cluster_pair,1.51116505723779
src_14_prop_guides_tgt_21,14,https://example.org/nlp-sdai/narrative-entity-ontology#guides,21,"[""pred_20699_srcm_3157_tgtm_3161"", ""pred_21302_srcm_3233_tgtm_3235""]",sum_softmax_by_cluster_pair,1.2483147374864652
src_14_prop_guides_tgt_22,14,https://example.org/nlp-sdai/narrative-entity-ontology#guides,22,"[""pred_21302_srcm_3233_tgtm_3236"", ""pred_25391_srcm_4062_tgtm_4063"", ""pred_25431_srcm_4074_tgtm_4075""]",sum_softmax_by_cluster_pair,1.8021467664785547
src_14_prop_guides_tgt_23,14,https://example.org/nlp-sdai/narrative-entity-ontology#guides,23,"[""pred_25391_srcm_4062_tgtm_4064"", ""pred_25431_srcm_4074_tgtm_4076"", ""pred_26569_srcm_4293_tgtm_4297""]",sum_softmax_by_cluster_pair,1.3799518118556575
src_15_prop_locatedIn_tgt_2,15,https://example.org/nlp-sdai/narrative-entity-ontology#locatedIn,2,"[""pred_33921_srcm_5471_tgtm_5472"", ""pred_39831_srcm_6339_tgtm_6340""]",sum_softmax_by_cluster_pair,2.0
src_15_prop_memberOf_tgt_6,15,https://example.org/nlp-sdai/narrative-entity-ontology#memberOf,6,"[""pred_18508_srcm_2772_tgtm_2773""]",sum_softmax_by_cluster_pair,1.0
src_15_prop_locatedIn_tgt_11,15,https://example.org/nlp-sdai/narrative-entity-ontology#locatedIn,11,"[""pred_4243_srcm_457_tgtm_458"", ""pred_7537_srcm_1005_tgtm_1006"", ""pred_12823_srcm_1931_tgtm_1932"", ""pred_14918_srcm_2178_tgtm_2179"", ""pred_15495_srcm_2291_tgtm_2292"", ""pred_15630_srcm_2318_tgtm_2319"", ""pred_16039_srcm_2394_tgtm_2395"", ""pred_18800_srcm_2840_tgtm_2842"", ""pred_19048_srcm_2879_tgtm_2881"", ""pred_20483_srcm_3111_tgtm_3113"", ""pred_30846_srcm_4966_tgtm_4967"", ""pred_31101_srcm_5009_tgtm_5010"", ""pred_33642_srcm_5406_tgtm_5407"", ""pred_41143_srcm_6549_tgtm_6550"", ""pred_43979_srcm_6964_tgtm_6965""]",sum_softmax_by_cluster_pair,15.0
src_15_prop_locatedIn_tgt_13,15,https://example.org/nlp-sdai/narrative-entity-ontology#locatedIn,13,"[""pred_9090_srcm_1273_tgtm_1274"", ""pred_13461_srcm_2017_tgtm_2018"", ""pred_13630_srcm_2036_tgtm_2037"", ""pred_13630_srcm_2036_tgtm_2038"", ""pred_15376_srcm_2273_tgtm_2274"", ""pred_15402_srcm_2279_tgtm_2280"", ""pred_18783_srcm_2836_tgtm_2838"", ""pred_18848_srcm_2847_tgtm_2849""]",sum_softmax_by_cluster_pair,8.0
src_15_prop_locatedIn_tgt_16,15,https://example.org/nlp-sdai/narrative-entity-ontology#locatedIn,16,"[""pred_7642_srcm_1018_tgtm_1019"", ""pred_9084_srcm_1271_tgtm_1272"", ""pred_9446_srcm_1330_tgtm_1331"", ""pred_13504_srcm_2021_tgtm_2022"", ""pred_41743_srcm_6661_tgtm_6662"", ""pred_44431_srcm_7024_tgtm_7025""]",sum_softmax_by_cluster_pair,6.0
src_15_prop_memberOf_tgt_24,15,https://example.org/nlp-sdai/narrative-entity-ontology#memberOf,24,"[""pred_33884_srcm_5461_tgtm_5462""]",sum_softmax_by_cluster_pair,1.0
src_17_prop_holdsAttitudeToward_tgt_0,17,https://example.org/nlp-sdai/narrative-entity-ontology#holdsAttitudeToward,0,"[""pred_40230_srcm_6410_tgtm_6412"", ""pred_47333_srcm_7445_tgtm_7446""]",sum_softmax_by_cluster_pair,0.6577119728825199
src_17_prop_movesToward_tgt_2,17,https://example.org/nlp-sdai/narrative-entity-ontology#movesToward,2,"[""pred_24570_srcm_3906_tgtm_3907"", ""pred_37801_srcm_6044_tgtm_6045""]",sum_softmax_by_cluster_pair,0.9052912415013348
src_17_prop_holdsAttitudeToward_tgt_3,17,https://example.org/nlp-sdai/narrative-entity-ontology#holdsAttitudeToward,3,"[""pred_9428_srcm_1325_tgtm_1326"", ""pred_14029_srcm_2077_tgtm_2078"", ""pred_15063_srcm_2211_tgtm_2212"", ""pred_17732_srcm_2650_tgtm_2651"", ""pred_17813_srcm_2674_tgtm_2675"", ""pred_25164_srcm_4015_tgtm_4016"", ""pred_32104_srcm_5149_tgtm_5150"", ""pred_33362_srcm_5360_tgtm_5361"", ""pred_40230_srcm_6410_tgtm_6411"", ""pred_40857_srcm_6492_tgtm_6493"", ""pred_45732_srcm_7200_tgtm_7201""]",sum_softmax_by_cluster_pair,3.3073350109824853
src_17_prop_holdsAttitudeToward_tgt_4,17,https://example.org/nlp-sdai/narrative-entity-ontology#holdsAttitudeToward,4,"[""pred_10998_srcm_1606_tgtm_1607"", ""pred_11323_srcm_1666_tgtm_1667"", ""pred_13586_srcm_2029_tgtm_2030""]",sum_softmax_by_cluster_pair,0.9436272317888685
src_17_prop_holdsAttitudeToward_tgt_6,17,https://example.org/nlp-sdai/narrative-entity-ontology#holdsAttitudeToward,6,"[""pred_33188_srcm_5315_tgtm_5316"", ""pred_44806_srcm_7077_tgtm_7078""]",sum_softmax_by_cluster_pair,0.601720817805458
src_17_prop_holdsAttitudeToward_tgt_7,17,https://example.org/nlp-sdai/narrative-entity-ontology#holdsAttitudeToward,7,"[""pred_17793_srcm_2663_tgtm_2664"", ""pred_33188_srcm_5315_tgtm_5317""]",sum_softmax_by_cluster_pair,0.7926197804215591
src_17_prop_holdsAttitudeToward_tgt_8,17,https://example.org/nlp-sdai/narrative-entity-ontology#holdsAttitudeToward,8,"[""pred_24784_srcm_3943_tgtm_3944"", ""pred_28522_srcm_4590_tgtm_4591"", ""pred_33199_srcm_5320_tgtm_5321""]",sum_softmax_by_cluster_pair,1.0000587245105985
src_17_prop_holdsAttitudeToward_tgt_9,17,https://example.org/nlp-sdai/narrative-entity-ontology#holdsAttitudeToward,9,"[""pred_24784_srcm_3943_tgtm_3945""]",sum_softmax_by_cluster_pair,0.37056946119239303
src_17_prop_holdsAttitudeToward_tgt_11,17,https://example.org/nlp-sdai/narrative-entity-ontology#holdsAttitudeToward,11,"[""pred_15118_srcm_2226_tgtm_2230"", ""pred_15195_srcm_2245_tgtm_2246"", ""pred_32788_srcm_5248_tgtm_5249"", ""pred_46820_srcm_7352_tgtm_7353""]",sum_softmax_by_cluster_pair,1.3121554694848785
src_17_prop_movesToward_tgt_13,17,https://example.org/nlp-sdai/narrative-entity-ontology#movesToward,13,"[""pred_10827_srcm_1574_tgtm_1575""]",sum_softmax_by_cluster_pair,0.40030388676930256
src_17_prop_movesToward_tgt_14,17,https://example.org/nlp-sdai/narrative-entity-ontology#movesToward,14,"[""pred_10998_srcm_1606_tgtm_1608"", ""pred_11090_srcm_1625_tgtm_1626"", ""pred_16595_srcm_2471_tgtm_2472"", ""pred_42347_srcm_6743_tgtm_6744"", ""pred_44060_srcm_6972_tgtm_6975""]",sum_softmax_by_cluster_pair,1.3713952660782154
src_17_prop_holdsAttitudeToward_tgt_15,17,https://example.org/nlp-sdai/narrative-entity-ontology#holdsAttitudeToward,15,"[""pred_11879_srcm_1757_tgtm_1758"", ""pred_13063_srcm_1962_tgtm_1963"", ""pred_13517_srcm_2024_tgtm_2025"", ""pred_15000_srcm_2192_tgtm_2193""]",sum_softmax_by_cluster_pair,1.274466549324501
src_17_prop_movesToward_tgt_16,17,https://example.org/nlp-sdai/narrative-entity-ontology#movesToward,16,"[""pred_12523_srcm_1882_tgtm_1883"", ""pred_12605_srcm_1894_tgtm_1895"", ""pred_22086_srcm_3406_tgtm_3407"", ""pred_33188_srcm_5315_tgtm_5319""]",sum_softmax_by_cluster_pair,1.0810543674246138
src_17_prop_movesToward_tgt_24,17,https://example.org/nlp-sdai/narrative-entity-ontology#movesToward,24,"[""pred_45942_srcm_7228_tgtm_7230""]",sum_softmax_by_cluster_pair,0.5513631881486502
src_17_prop_harms_tgt_25,17,https://example.org/nlp-sdai/narrative-entity-ontology#harms,25,"[""pred_44872_srcm_7090_tgtm_7093"", ""pred_45021_srcm_7121_tgtm_7122""]",sum_softmax_by_cluster_pair,0.6165645142626313
src_17_prop_holdsAttitudeToward_tgt_26,17,https://example.org/nlp-sdai/narrative-entity-ontology#holdsAttitudeToward,26,"[""pred_44806_srcm_7077_tgtm_7079"", ""pred_44994_srcm_7116_tgtm_7118""]",sum_softmax_by_cluster_pair,0.5703449990459345
src_18_prop_holdsAttitudeToward_tgt_15,18,https://example.org/nlp-sdai/narrative-entity-ontology#holdsAttitudeToward,15,"[""pred_43283_srcm_6838_tgtm_6839"", ""pred_43371_srcm_6851_tgtm_6852""]",sum_softmax_by_cluster_pair,0.6796052605838544
src_18_prop_holdsAttitudeToward_tgt_17,18,https://example.org/nlp-sdai/narrative-entity-ontology#holdsAttitudeToward,17,"[""pred_44881_srcm_7094_tgtm_7096""]",sum_softmax_by_cluster_pair,0.3713131608354123
src_19_prop_holdsAttitudeToward_tgt_3,19,https://example.org/nlp-sdai/narrative-entity-ontology#holdsAttitudeToward,3,"[""pred_17190_srcm_2569_tgtm_2570"", ""pred_26247_srcm_4218_tgtm_4219"", ""pred_30293_srcm_4871_tgtm_4873"", ""pred_39630_srcm_6297_tgtm_6298"", ""pred_39732_srcm_6324_tgtm_6325"", ""pred_40930_srcm_6511_tgtm_6512""]",sum_softmax_by_cluster_pair,2.15554506488737
src_19_prop_holdsAttitudeToward_tgt_4,19,https://example.org/nlp-sdai/narrative-entity-ontology#holdsAttitudeToward,4,"[""pred_17493_srcm_2613_tgtm_2614"", ""pred_17567_srcm_2626_tgtm_2627""]",sum_softmax_by_cluster_pair,0.540662211115436
src_19_prop_holdsAttitudeToward_tgt_8,19,https://example.org/nlp-sdai/narrative-entity-ontology#holdsAttitudeToward,8,"[""pred_25244_srcm_4036_tgtm_4037""]",sum_softmax_by_cluster_pair,0.2602851718778483
src_19_prop_movesToward_tgt_9,19,https://example.org/nlp-sdai/narrative-entity-ontology#movesToward,9,"[""pred_31448_srcm_5063_tgtm_5064"", ""pred_34591_srcm_5599_tgtm_5602""]",sum_softmax_by_cluster_pair,0.8780624553419378
src_19_prop_holdsAttitudeToward_tgt_10,19,https://example.org/nlp-sdai/narrative-entity-ontology#holdsAttitudeToward,10,"[""pred_47003_srcm_7384_tgtm_7385""]",sum_softmax_by_cluster_pair,0.6700812864462302
src_19_prop_guides_tgt_11,19,https://example.org/nlp-sdai/narrative-entity-ontology#guides,11,"[""pred_17960_srcm_2696_tgtm_2697""]",sum_softmax_by_cluster_pair,0.4300424827327081
src_19_prop_holdsAttitudeToward_tgt_12,19,https://example.org/nlp-sdai/narrative-entity-ontology#holdsAttitudeToward,12,"[""pred_46983_srcm_7379_tgtm_7380"", ""pred_47091_srcm_7400_tgtm_7401""]",sum_softmax_by_cluster_pair,0.7798499375260121
src_19_prop_movesToward_tgt_14,19,https://example.org/nlp-sdai/narrative-entity-ontology#movesToward,14,"[""pred_17389_srcm_2595_tgtm_2597"", ""pred_18018_srcm_2705_tgtm_2706"", ""pred_23984_srcm_3791_tgtm_3792""]",sum_softmax_by_cluster_pair,0.8322040705549274
src_19_prop_locatedIn_tgt_16,19,https://example.org/nlp-sdai/narrative-entity-ontology#locatedIn,16,"[""pred_42325_srcm_6739_tgtm_6740""]",sum_softmax_by_cluster_pair,0.33732649756379446
src_19_prop_harms_tgt_17,19,https://example.org/nlp-sdai/narrative-entity-ontology#harms,17,"[""pred_17389_srcm_2595_tgtm_2598"", ""pred_25244_srcm_4036_tgtm_4038""]",sum_softmax_by_cluster_pair,0.5821144035563843
src_20_prop_guides_tgt_3,20,https://example.org/nlp-sdai/narrative-entity-ontology#guides,3,"[""pred_20470_srcm_3106_tgtm_3107"", ""pred_20699_srcm_3158_tgtm_3159"", ""pred_22358_srcm_3460_tgtm_3461"", ""pred_23819_srcm_3749_tgtm_3750""]",sum_softmax_by_cluster_pair,1.1041617525448277
src_20_prop_holdsAttitudeToward_tgt_9,20,https://example.org/nlp-sdai/narrative-entity-ontology#holdsAttitudeToward,9,"[""pred_19531_srcm_2955_tgtm_2956"", ""pred_21395_srcm_3256_tgtm_3259"", ""pred_21508_srcm_3296_tgtm_3297"", ""pred_21527_srcm_3301_tgtm_3302"", ""pred_21532_srcm_3304_tgtm_3305"", ""pred_22326_srcm_3453_tgtm_3455"", ""pred_22391_srcm_3472_tgtm_3473""]",sum_softmax_by_cluster_pair,1.911852033185566
src_20_prop_guides_tgt_11,20,https://example.org/nlp-sdai/narrative-entity-ontology#guides,11,"[""pred_20699_srcm_3158_tgtm_3163""]",sum_softmax_by_cluster_pair,0.5005599548600804
src_20_prop_guides_tgt_14,20,https://example.org/nlp-sdai/narrative-entity-ontology#guides,14,"[""pred_20681_srcm_3149_tgtm_3150"", ""pred_20926_srcm_3192_tgtm_3193"", ""pred_21361_srcm_3247_tgtm_3248"", ""pred_22326_srcm_3453_tgtm_3452"", ""pred_23482_srcm_3650_tgtm_3651""]",sum_softmax_by_cluster_pair,1.457538137021761
src_20_prop_guides_tgt_15,20,https://example.org/nlp-sdai/narrative-entity-ontology#guides,15,"[""pred_20699_srcm_3158_tgtm_3160""]",sum_softmax_by_cluster_pair,0.632366959577316
src_20_prop_guides_tgt_21,20,https://example.org/nlp-sdai/narrative-entity-ontology#guides,21,"[""pred_20699_srcm_3158_tgtm_3161"", ""pred_21302_srcm_3234_tgtm_3235""]",sum_softmax_by_cluster_pair,1.2573379537327058
src_20_prop_guides_tgt_22,20,https://example.org/nlp-sdai/narrative-entity-ontology#guides,22,"[""pred_21302_srcm_3234_tgtm_3236""]",sum_softmax_by_cluster_pair,0.7656077015087595
src_21_prop_locatedIn_tgt_11,21,https://example.org/nlp-sdai/narrative-entity-ontology#locatedIn,11,"[""pred_18800_srcm_2841_tgtm_2842"", ""pred_19048_srcm_2880_tgtm_2881"", ""pred_20483_srcm_3112_tgtm_3113"", ""pred_20999_srcm_3210_tgtm_3214"", ""pred_21586_srcm_3321_tgtm_3323""]",sum_softmax_by_cluster_pair,5.0
src_21_prop_locatedIn_tgt_13,21,https://example.org/nlp-sdai/narrative-entity-ontology#locatedIn,13,"[""pred_18783_srcm_2837_tgtm_2838"", ""pred_18848_srcm_2848_tgtm_2849""]",sum_softmax_by_cluster_pair,2.0
src_22_prop_locatedIn_tgt_11,22,https://example.org/nlp-sdai/narrative-entity-ontology#locatedIn,11,"[""pred_20999_srcm_3211_tgtm_3214"", ""pred_21586_srcm_3322_tgtm_3323""]",sum_softmax_by_cluster_pair,2.0
src_24_prop_hasMember_tgt_3,24,https://example.org/nlp-sdai/narrative-entity-ontology#hasMember,3,"[""pred_27620_srcm_4447_tgtm_4448"", ""pred_27928_srcm_4494_tgtm_4495"", ""pred_27949_srcm_4502_tgtm_4503"", ""pred_31880_srcm_5128_tgtm_5129"", ""pred_31897_srcm_5131_tgtm_5132"", ""pred_32966_srcm_5271_tgtm_5272"", ""pred_45840_srcm_7210_tgtm_7211""]",sum_softmax_by_cluster_pair,7.0
src_24_prop_hasMember_tgt_7,24,https://example.org/nlp-sdai/narrative-entity-ontology#hasMember,7,"[""pred_33348_srcm_5355_tgtm_5356""]",sum_softmax_by_cluster_pair,1.0
src_24_prop_hasMember_tgt_8,24,https://example.org/nlp-sdai/narrative-entity-ontology#hasMember,8,"[""pred_27209_srcm_4402_tgtm_4403""]",sum_softmax_by_cluster_pair,1.0
src_24_prop_locatedIn_tgt_11,24,https://example.org/nlp-sdai/narrative-entity-ontology#locatedIn,11,"[""pred_31787_srcm_5117_tgtm_5119"", ""pred_33010_srcm_5283_tgtm_5284""]",sum_softmax_by_cluster_pair,1.0192752061771615
src_24_prop_hasMember_tgt_12,24,https://example.org/nlp-sdai/narrative-entity-ontology#hasMember,12,"[""pred_47044_srcm_7392_tgtm_7394""]",sum_softmax_by_cluster_pair,1.0
src_24_prop_hasMember_tgt_14,24,https://example.org/nlp-sdai/narrative-entity-ontology#hasMember,14,"[""pred_27620_srcm_4447_tgtm_4449""]",sum_softmax_by_cluster_pair,1.0
src_24_prop_hasMember_tgt_15,24,https://example.org/nlp-sdai/narrative-entity-ontology#hasMember,15,"[""pred_31787_srcm_5117_tgtm_5118"", ""pred_32096_srcm_5147_tgtm_5148"", ""pred_32231_srcm_5173_tgtm_5174"", ""pred_33348_srcm_5355_tgtm_5357"", ""pred_45899_srcm_7217_tgtm_7219"", ""pred_46144_srcm_7249_tgtm_7250"", ""pred_47044_srcm_7392_tgtm_7393""]",sum_softmax_by_cluster_pair,7.0
src_24_prop_hasMember_tgt_17,24,https://example.org/nlp-sdai/narrative-entity-ontology#hasMember,17,"[""pred_27703_srcm_4461_tgtm_4462"", ""pred_27703_srcm_4461_tgtm_4463"", ""pred_27739_srcm_4466_tgtm_4467"", ""pred_32989_srcm_5279_tgtm_5280""]",sum_softmax_by_cluster_pair,4.0
src_24_prop_hasMember_tgt_19,24,https://example.org/nlp-sdai/narrative-entity-ontology#hasMember,19,"[""pred_27596_srcm_4442_tgtm_4443""]",sum_softmax_by_cluster_pair,1.0
src_25_prop_movesToward_tgt_15,25,https://example.org/nlp-sdai/narrative-entity-ontology#movesToward,15,"[""pred_43587_srcm_6883_tgtm_6884"", ""pred_45502_srcm_7177_tgtm_7178""]",sum_softmax_by_cluster_pair,1.0462648073831282
src_25_prop_movesToward_tgt_16,25,https://example.org/nlp-sdai/narrative-entity-ontology#movesToward,16,"[""pred_44748_srcm_7065_tgtm_7066""]",sum_softmax_by_cluster_pair,0.3713639305620733
src_26_prop_guides_tgt_3,26,https://example.org/nlp-sdai/narrative-entity-ontology#guides,3,"[""pred_46347_srcm_7268_tgtm_7269"", ""pred_46699_srcm_7331_tgtm_7332"", ""pred_47286_srcm_7433_tgtm_7434""]",sum_softmax_by_cluster_pair,1.3092564661785564
src_26_prop_holdsAttitudeToward_tgt_15,26,https://example.org/nlp-sdai/narrative-entity-ontology#holdsAttitudeToward,15,"[""pred_46369_srcm_7275_tgtm_7276""]",sum_softmax_by_cluster_pair,0.3484849340961551
src_26_prop_holdsAttitudeToward_tgt_16,26,https://example.org/nlp-sdai/narrative-entity-ontology#holdsAttitudeToward,16,"[""pred_44690_srcm_7062_tgtm_7063""]",sum_softmax_by_cluster_pair,0.2878578814872287
src_26_prop_holdsAttitudeToward_tgt_17,26,https://example.org/nlp-sdai/narrative-entity-ontology#holdsAttitudeToward,17,"[""pred_44881_srcm_7095_tgtm_7096"", ""pred_45223_srcm_7144_tgtm_7145"", ""pred_45223_srcm_7144_tgtm_7148""]",sum_softmax_by_cluster_pair,1.0195634714277118
src_26_prop_movesToward_tgt_24,26,https://example.org/nlp-sdai/narrative-entity-ontology#movesToward,24,"[""pred_45942_srcm_7229_tgtm_7230"", ""pred_46758_srcm_7341_tgtm_7342"", ""pred_46873_srcm_7360_tgtm_7361""]",sum_softmax_by_cluster_pair,0.886918326246309
