global_cluster_uid,local_cluster_uid,local_mention_uid,chunk_id,chunk_index,local_cluster_id,local_mention_id,local_start,local_end,global_start,global_end,text,head_local_i,head_global_i,zone,overlap_exact_span_key
global_cluster_000000,chunk_000::cluster_003,chunk_000::cluster_003::mention_000,chunk_000,0,3,0,3,4,3,4,SPACE,3,3,core,
global_cluster_000000,chunk_000::cluster_003,chunk_000::cluster_003::mention_001,chunk_000,0,3,1,355,356,355,356,space,355,355,core,
global_cluster_000000,chunk_000::cluster_003,chunk_000::cluster_003::mention_002,chunk_000,0,3,2,469,470,469,470,space,469,469,core,
global_cluster_000000,chunk_000::cluster_019,chunk_000::cluster_019::mention_000,chunk_000,0,19,0,519,524,519,524,the endless fields of space,521,521,core,
global_cluster_000000,chunk_000::cluster_003,chunk_000::cluster_003::mention_003,chunk_000,0,3,3,523,524,523,524,space,523,523,core,
global_cluster_000000,chunk_000::cluster_032,chunk_000::cluster_032::mention_000,chunk_000,0,32,0,1009,1011,1009,1011,distant spaces,1010,1010,core,
global_cluster_000000,chunk_000::cluster_003,chunk_000::cluster_003::mention_004,chunk_000,0,3,4,1937,1938,1937,1938,space,1937,1937,core,
global_cluster_000000,chunk_000::cluster_003,chunk_000::cluster_003::mention_005,chunk_000,0,3,5,1972,1973,1972,1973,Space,1972,1972,core,
global_cluster_000000,chunk_000::cluster_003,chunk_000::cluster_003::mention_006,chunk_000,0,3,6,2604,2605,2604,2605,space,2604,2604,core,
global_cluster_000000,chunk_000::cluster_003,chunk_000::cluster_003::mention_007,chunk_000,0,3,7,2900,2901,2900,2901,space,2900,2900,core,
global_cluster_000000,chunk_000::cluster_003,chunk_000::cluster_003::mention_008,chunk_000,0,3,8,3096,3097,3096,3097,space,3096,3096,core,
global_cluster_000000,chunk_000::cluster_003,chunk_000::cluster_003::mention_009,chunk_000,0,3,9,3157,3158,3157,3158,space,3157,3157,core,
global_cluster_000000,chunk_000::cluster_003,chunk_000::cluster_003::mention_010,chunk_000,0,3,10,3217,3218,3217,3218,space,3217,3217,core,
global_cluster_000000,chunk_000::cluster_003,chunk_000::cluster_003::mention_011,chunk_000,0,3,11,3347,3348,3347,3348,space,3347,3347,core,
global_cluster_000000,chunk_000::cluster_003,chunk_000::cluster_003::mention_012,chunk_000,0,3,12,3537,3538,3537,3538,space,3537,3537,core,
global_cluster_000000,chunk_000::cluster_003,chunk_000::cluster_003::mention_013,chunk_000,0,3,13,3588,3589,3588,3589,space,3588,3588,core,
global_cluster_000000,chunk_000::cluster_003,chunk_000::cluster_003::mention_014,chunk_000,0,3,14,3604,3605,3604,3605,space,3604,3604,core,
global_cluster_000000,chunk_000::cluster_003,chunk_000::cluster_003::mention_015,chunk_000,0,3,15,3627,3628,3627,3628,space,3627,3627,core,
global_cluster_000000,chunk_000::cluster_003,chunk_000::cluster_003::mention_016,chunk_000,0,3,16,3926,3927,3926,3927,space,3926,3926,core,
global_cluster_000000,chunk_000::cluster_003,chunk_000::cluster_003::mention_017,chunk_000,0,3,17,4082,4083,4082,4083,space,4082,4082,core,
global_cluster_000001,chunk_000::cluster_000,chunk_000::cluster_000::mention_000,chunk_000,0,0,0,11,14,11,14,the Milky Way,13,13,core,
global_cluster_000001,chunk_000::cluster_000,chunk_000::cluster_000::mention_001,chunk_000,0,0,1,29,31,29,31,the Galaxy,30,30,core,
global_cluster_000001,chunk_000::cluster_000,chunk_000::cluster_000::mention_002,chunk_000,0,0,2,409,412,409,412,the Milky Way,411,411,core,
global_cluster_000001,chunk_000::cluster_000,chunk_000::cluster_000::mention_003,chunk_000,0,0,3,630,633,630,633,the Milky Way,632,632,core,
global_cluster_000001,chunk_000::cluster_000,chunk_000::cluster_000::mention_004,chunk_000,0,0,4,636,637,636,637,its,636,636,core,
global_cluster_000001,chunk_000::cluster_000,chunk_000::cluster_000::mention_005,chunk_000,0,0,5,693,695,693,695,the Galaxy,694,694,core,
global_cluster_000001,chunk_000::cluster_000,chunk_000::cluster_000::mention_006,chunk_000,0,0,6,1001,1003,1001,1003,the Galaxy,1002,1002,core,
global_cluster_000001,chunk_000::cluster_000,chunk_000::cluster_000::mention_007,chunk_000,0,0,7,1139,1142,1139,1142,the Milky Way,1141,1141,core,
global_cluster_000001,chunk_000::cluster_000,chunk_000::cluster_000::mention_008,chunk_000,0,0,8,1407,1409,1407,1409,the Galaxy,1408,1408,core,
global_cluster_000001,chunk_000::cluster_000,chunk_000::cluster_000::mention_009,chunk_000,0,0,9,1414,1415,1414,1415,its,1414,1414,core,
global_cluster_000001,chunk_000::cluster_000,chunk_000::cluster_000::mention_010,chunk_000,0,0,10,1826,1828,1826,1828,the Galaxy,1827,1827,core,
global_cluster_000001,chunk_000::cluster_000,chunk_000::cluster_000::mention_011,chunk_000,0,0,11,2786,2789,2786,2789,the Milky Way,2788,2788,core,
global_cluster_000001,chunk_000::cluster_000,chunk_000::cluster_000::mention_012,chunk_000,0,0,12,3182,3184,3182,3184,the Galaxy,3183,3183,core,
global_cluster_000001,chunk_000::cluster_000,chunk_000::cluster_000::mention_013,chunk_000,0,0,13,3305,3307,3305,3307,The Galaxy,3306,3306,core,
global_cluster_000001,chunk_000::cluster_000,chunk_000::cluster_000::mention_014,chunk_000,0,0,14,3312,3313,3312,3313,its,3312,3312,core,
global_cluster_000001,chunk_000::cluster_000,chunk_000::cluster_000::mention_015,chunk_000,0,0,15,3316,3317,3316,3317,itself,3316,3316,core,
global_cluster_000001,chunk_000::cluster_000,chunk_000::cluster_000::mention_016,chunk_000,0,0,16,3330,3331,3330,3331,it,3330,3330,core,
global_cluster_000001,chunk_000::cluster_000,chunk_000::cluster_000::mention_017,chunk_000,0,0,17,3533,3535,3533,3535,the Galaxy,3534,3534,core,
global_cluster_000001,chunk_000::cluster_000,chunk_000::cluster_000::mention_018,chunk_000,0,0,18,4029,4031,4029,4031,the Galaxy,4030,4030,core,
global_cluster_000002,chunk_000::cluster_002,chunk_000::cluster_002::mention_000,chunk_000,0,2,0,55,56,55,56,I,55,55,core,
global_cluster_000002,chunk_000::cluster_002,chunk_000::cluster_002::mention_001,chunk_000,0,2,1,59,60,59,60,I,59,59,core,
global_cluster_000002,chunk_000::cluster_002,chunk_000::cluster_002::mention_002,chunk_000,0,2,2,71,72,71,72,I,71,71,core,
global_cluster_000002,chunk_000::cluster_002,chunk_000::cluster_002::mention_003,chunk_000,0,2,3,104,105,104,105,I,104,104,core,
global_cluster_000002,chunk_000::cluster_002,chunk_000::cluster_002::mention_004,chunk_000,0,2,4,259,260,259,260,I,259,259,core,
global_cluster_000002,chunk_000::cluster_002,chunk_000::cluster_002::mention_005,chunk_000,0,2,5,268,269,268,269,I,268,268,core,
global_cluster_000002,chunk_000::cluster_002,chunk_000::cluster_002::mention_006,chunk_000,0,2,6,272,273,272,273,I,272,272,core,
global_cluster_000002,chunk_000::cluster_002,chunk_000::cluster_002::mention_007,chunk_000,0,2,7,279,280,279,280,I,279,279,core,
global_cluster_000002,chunk_000::cluster_002,chunk_000::cluster_002::mention_008,chunk_000,0,2,8,315,316,315,316,I,315,315,core,
global_cluster_000002,chunk_000::cluster_002,chunk_000::cluster_002::mention_009,chunk_000,0,2,9,332,333,332,333,I,332,332,core,
global_cluster_000002,chunk_000::cluster_002,chunk_000::cluster_002::mention_010,chunk_000,0,2,10,343,344,343,344,I,343,343,core,
global_cluster_000002,chunk_000::cluster_002,chunk_000::cluster_002::mention_011,chunk_000,0,2,11,361,362,361,362,I,361,361,core,
global_cluster_000002,chunk_000::cluster_002,chunk_000::cluster_002::mention_012,chunk_000,0,2,12,375,376,375,376,I,375,375,core,
global_cluster_000002,chunk_000::cluster_002,chunk_000::cluster_002::mention_013,chunk_000,0,2,13,413,414,413,414,I,413,413,core,
global_cluster_000002,chunk_000::cluster_002,chunk_000::cluster_002::mention_014,chunk_000,0,2,14,506,507,506,507,I,506,506,core,
global_cluster_000002,chunk_000::cluster_002,chunk_000::cluster_002::mention_015,chunk_000,0,2,15,513,514,513,514,me,513,513,core,
global_cluster_000002,chunk_000::cluster_002,chunk_000::cluster_002::mention_016,chunk_000,0,2,16,526,527,526,527,I,526,526,core,
global_cluster_000002,chunk_000::cluster_002,chunk_000::cluster_002::mention_017,chunk_000,0,2,17,533,534,533,534,I,533,533,core,
global_cluster_000002,chunk_000::cluster_002,chunk_000::cluster_002::mention_018,chunk_000,0,2,18,544,545,544,545,I,544,544,core,
global_cluster_000002,chunk_000::cluster_002,chunk_000::cluster_002::mention_019,chunk_000,0,2,19,555,556,555,556,me,555,555,core,
global_cluster_000002,chunk_000::cluster_002,chunk_000::cluster_002::mention_020,chunk_000,0,2,20,563,564,563,564,I,563,563,core,
global_cluster_000002,chunk_000::cluster_002,chunk_000::cluster_002::mention_021,chunk_000,0,2,21,588,589,588,589,I,588,588,core,
global_cluster_000002,chunk_000::cluster_002,chunk_000::cluster_002::mention_022,chunk_000,0,2,22,603,604,603,604,I,603,603,core,
global_cluster_000002,chunk_000::cluster_002,chunk_000::cluster_002::mention_023,chunk_000,0,2,23,623,624,623,624,I,623,623,core,
global_cluster_000002,chunk_000::cluster_002,chunk_000::cluster_002::mention_024,chunk_000,0,2,24,686,687,686,687,I,686,686,core,
global_cluster_000002,chunk_000::cluster_002,chunk_000::cluster_002::mention_025,chunk_000,0,2,25,750,751,750,751,I,750,750,core,
global_cluster_000002,chunk_000::cluster_002,chunk_000::cluster_002::mention_026,chunk_000,0,2,26,761,762,761,762,I,761,761,core,
global_cluster_000002,chunk_000::cluster_002,chunk_000::cluster_002::mention_027,chunk_000,0,2,27,776,777,776,777,I,776,776,core,
global_cluster_000002,chunk_000::cluster_002,chunk_000::cluster_002::mention_028,chunk_000,0,2,28,784,785,784,785,I,784,784,core,
global_cluster_000002,chunk_000::cluster_002,chunk_000::cluster_002::mention_029,chunk_000,0,2,29,931,932,931,932,me,931,931,core,
global_cluster_000002,chunk_000::cluster_002,chunk_000::cluster_002::mention_030,chunk_000,0,2,30,939,940,939,940,I,939,939,core,
global_cluster_000002,chunk_000::cluster_002,chunk_000::cluster_002::mention_031,chunk_000,0,2,31,944,945,944,945,I,944,944,core,
global_cluster_000002,chunk_000::cluster_002,chunk_000::cluster_002::mention_032,chunk_000,0,2,32,969,970,969,970,my,969,969,core,
global_cluster_000002,chunk_000::cluster_002,chunk_000::cluster_002::mention_033,chunk_000,0,2,33,972,973,972,973,I,972,972,core,
global_cluster_000002,chunk_000::cluster_002,chunk_000::cluster_002::mention_034,chunk_000,0,2,34,1017,1018,1017,1018,I,1017,1017,core,
global_cluster_000002,chunk_000::cluster_002,chunk_000::cluster_002::mention_035,chunk_000,0,2,35,1033,1034,1033,1034,me,1033,1033,core,
global_cluster_000002,chunk_000::cluster_002,chunk_000::cluster_002::mention_036,chunk_000,0,2,36,1035,1036,1035,1036,I,1035,1035,core,
global_cluster_000002,chunk_000::cluster_002,chunk_000::cluster_002::mention_037,chunk_000,0,2,37,1039,1040,1039,1040,me,1039,1039,core,
global_cluster_000002,chunk_000::cluster_002,chunk_000::cluster_002::mention_038,chunk_000,0,2,38,1043,1044,1043,1044,me,1043,1043,core,
global_cluster_000002,chunk_000::cluster_002,chunk_000::cluster_002::mention_039,chunk_000,0,2,39,1046,1047,1046,1047,me,1046,1046,core,
global_cluster_000002,chunk_000::cluster_002,chunk_000::cluster_002::mention_040,chunk_000,0,2,40,1051,1052,1051,1052,me,1051,1051,core,
global_cluster_000002,chunk_000::cluster_002,chunk_000::cluster_002::mention_041,chunk_000,0,2,41,1056,1057,1056,1057,I,1056,1056,core,
global_cluster_000002,chunk_000::cluster_002,chunk_000::cluster_002::mention_042,chunk_000,0,2,42,1066,1067,1066,1067,I,1066,1066,core,
global_cluster_000002,chunk_000::cluster_002,chunk_000::cluster_002::mention_043,chunk_000,0,2,43,1076,1077,1076,1077,I,1076,1076,core,
global_cluster_000002,chunk_000::cluster_002,chunk_000::cluster_002::mention_044,chunk_000,0,2,44,1116,1117,1116,1117,I,1116,1116,core,
global_cluster_000002,chunk_000::cluster_002,chunk_000::cluster_002::mention_045,chunk_000,0,2,45,1129,1130,1129,1130,I,1129,1129,core,
global_cluster_000002,chunk_000::cluster_002,chunk_000::cluster_002::mention_046,chunk_000,0,2,46,1148,1149,1148,1149,I,1148,1148,core,
global_cluster_000002,chunk_000::cluster_002,chunk_000::cluster_002::mention_047,chunk_000,0,2,47,1174,1175,1174,1175,I,1174,1174,core,
global_cluster_000002,chunk_000::cluster_002,chunk_000::cluster_002::mention_048,chunk_000,0,2,48,1179,1180,1179,1180,I,1179,1179,core,
global_cluster_000002,chunk_000::cluster_002,chunk_000::cluster_002::mention_049,chunk_000,0,2,49,1184,1185,1184,1185,I,1184,1184,core,
global_cluster_000002,chunk_000::cluster_002,chunk_000::cluster_002::mention_050,chunk_000,0,2,50,1201,1202,1201,1202,me,1201,1201,core,
global_cluster_000002,chunk_000::cluster_002,chunk_000::cluster_002::mention_051,chunk_000,0,2,51,1203,1204,1203,1204,I,1203,1203,core,
global_cluster_000002,chunk_000::cluster_002,chunk_000::cluster_002::mention_052,chunk_000,0,2,52,1206,1207,1206,1207,I,1206,1206,core,
global_cluster_000002,chunk_000::cluster_002,chunk_000::cluster_002::mention_053,chunk_000,0,2,53,1217,1218,1217,1218,I,1217,1217,core,
global_cluster_000002,chunk_000::cluster_002,chunk_000::cluster_002::mention_054,chunk_000,0,2,54,1238,1239,1238,1239,I,1238,1238,core,
global_cluster_000002,chunk_000::cluster_002,chunk_000::cluster_002::mention_055,chunk_000,0,2,55,1245,1246,1245,1246,me,1245,1245,core,
global_cluster_000002,chunk_000::cluster_002,chunk_000::cluster_002::mention_056,chunk_000,0,2,56,1262,1263,1262,1263,I,1262,1262,core,
global_cluster_000002,chunk_000::cluster_002,chunk_000::cluster_002::mention_057,chunk_000,0,2,57,1271,1272,1271,1272,I,1271,1271,core,
global_cluster_000002,chunk_000::cluster_002,chunk_000::cluster_002::mention_058,chunk_000,0,2,58,1285,1286,1285,1286,me,1285,1285,core,
global_cluster_000002,chunk_000::cluster_002,chunk_000::cluster_002::mention_059,chunk_000,0,2,59,1293,1294,1293,1294,I,1293,1293,core,
global_cluster_000002,chunk_000::cluster_002,chunk_000::cluster_002::mention_060,chunk_000,0,2,60,1300,1301,1300,1301,I,1300,1300,core,
global_cluster_000002,chunk_000::cluster_002,chunk_000::cluster_002::mention_061,chunk_000,0,2,61,1312,1313,1312,1313,my,1312,1312,core,
global_cluster_000002,chunk_000::cluster_002,chunk_000::cluster_002::mention_062,chunk_000,0,2,62,1320,1321,1320,1321,me,1320,1320,core,
global_cluster_000002,chunk_000::cluster_002,chunk_000::cluster_002::mention_063,chunk_000,0,2,63,1329,1330,1329,1330,I,1329,1329,core,
global_cluster_000002,chunk_000::cluster_002,chunk_000::cluster_002::mention_064,chunk_000,0,2,64,1361,1362,1361,1362,I,1361,1361,core,
global_cluster_000002,chunk_000::cluster_002,chunk_000::cluster_002::mention_065,chunk_000,0,2,65,1399,1400,1399,1400,I,1399,1399,core,
global_cluster_000002,chunk_000::cluster_002,chunk_000::cluster_002::mention_066,chunk_000,0,2,66,1401,1402,1401,1402,my,1401,1401,core,
global_cluster_000002,chunk_000::cluster_002,chunk_000::cluster_002::mention_067,chunk_000,0,2,67,1426,1427,1426,1427,I,1426,1426,core,
global_cluster_000002,chunk_000::cluster_002,chunk_000::cluster_002::mention_068,chunk_000,0,2,68,1428,1429,1428,1429,I,1428,1428,core,
global_cluster_000002,chunk_000::cluster_002,chunk_000::cluster_002::mention_069,chunk_000,0,2,69,1438,1439,1438,1439,my,1438,1438,core,
global_cluster_000002,chunk_000::cluster_002,chunk_000::cluster_002::mention_070,chunk_000,0,2,70,1442,1443,1442,1443,I,1442,1442,core,
global_cluster_000002,chunk_000::cluster_002,chunk_000::cluster_002::mention_071,chunk_000,0,2,71,1487,1488,1487,1488,I,1487,1487,core,
global_cluster_000002,chunk_000::cluster_002,chunk_000::cluster_002::mention_072,chunk_000,0,2,72,1492,1493,1492,1493,my,1492,1492,core,
global_cluster_000002,chunk_000::cluster_002,chunk_000::cluster_002::mention_073,chunk_000,0,2,73,1500,1501,1500,1501,I,1500,1500,core,
global_cluster_000002,chunk_000::cluster_002,chunk_000::cluster_002::mention_074,chunk_000,0,2,74,1509,1510,1509,1510,my,1509,1509,core,
global_cluster_000002,chunk_000::cluster_002,chunk_000::cluster_002::mention_075,chunk_000,0,2,75,1514,1515,1514,1515,I,1514,1514,core,
global_cluster_000002,chunk_000::cluster_002,chunk_000::cluster_002::mention_076,chunk_000,0,2,76,1531,1532,1531,1532,I,1531,1531,core,
global_cluster_000002,chunk_000::cluster_002,chunk_000::cluster_002::mention_077,chunk_000,0,2,77,1539,1540,1539,1540,me,1539,1539,core,
global_cluster_000002,chunk_000::cluster_002,chunk_000::cluster_002::mention_078,chunk_000,0,2,78,1545,1546,1545,1546,I,1545,1545,core,
global_cluster_000002,chunk_000::cluster_002,chunk_000::cluster_002::mention_079,chunk_000,0,2,79,1549,1550,1549,1550,I,1549,1549,core,
global_cluster_000002,chunk_000::cluster_002,chunk_000::cluster_002::mention_080,chunk_000,0,2,80,1556,1557,1556,1557,I,1556,1556,core,
global_cluster_000002,chunk_000::cluster_002,chunk_000::cluster_002::mention_081,chunk_000,0,2,81,1567,1568,1567,1568,my,1567,1567,core,
global_cluster_000002,chunk_000::cluster_002,chunk_000::cluster_002::mention_082,chunk_000,0,2,82,1575,1576,1575,1576,I,1575,1575,core,
global_cluster_000002,chunk_000::cluster_002,chunk_000::cluster_002::mention_083,chunk_000,0,2,83,1586,1587,1586,1587,I,1586,1586,core,
global_cluster_000002,chunk_000::cluster_002,chunk_000::cluster_002::mention_084,chunk_000,0,2,84,1605,1606,1605,1606,I,1605,1605,core,
global_cluster_000002,chunk_000::cluster_002,chunk_000::cluster_002::mention_085,chunk_000,0,2,85,1614,1615,1614,1615,I,1614,1614,core,
global_cluster_000002,chunk_000::cluster_002,chunk_000::cluster_002::mention_086,chunk_000,0,2,86,1627,1628,1627,1628,I,1627,1627,core,
global_cluster_000002,chunk_000::cluster_002,chunk_000::cluster_002::mention_087,chunk_000,0,2,87,1629,1630,1629,1630,I,1629,1629,core,
global_cluster_000002,chunk_000::cluster_002,chunk_000::cluster_002::mention_088,chunk_000,0,2,88,1634,1635,1634,1635,I,1634,1634,core,
global_cluster_000002,chunk_000::cluster_002,chunk_000::cluster_002::mention_089,chunk_000,0,2,89,1639,1640,1639,1640,I,1639,1639,core,
global_cluster_000002,chunk_000::cluster_002,chunk_000::cluster_002::mention_090,chunk_000,0,2,90,1661,1662,1661,1662,I,1661,1661,core,
global_cluster_000002,chunk_000::cluster_002,chunk_000::cluster_002::mention_091,chunk_000,0,2,91,1682,1683,1682,1683,I,1682,1682,core,
global_cluster_000002,chunk_000::cluster_002,chunk_000::cluster_002::mention_092,chunk_000,0,2,92,1687,1688,1687,1688,My,1687,1687,core,
global_cluster_000002,chunk_000::cluster_002,chunk_000::cluster_002::mention_093,chunk_000,0,2,93,1708,1709,1708,1709,I,1708,1708,core,
global_cluster_000002,chunk_000::cluster_002,chunk_000::cluster_002::mention_094,chunk_000,0,2,94,1754,1755,1754,1755,I,1754,1754,core,
global_cluster_000002,chunk_000::cluster_002,chunk_000::cluster_002::mention_095,chunk_000,0,2,95,1756,1757,1756,1757,myself,1756,1756,core,
global_cluster_000002,chunk_000::cluster_002,chunk_000::cluster_002::mention_096,chunk_000,0,2,96,1760,1761,1760,1761,my,1760,1760,core,
global_cluster_000002,chunk_000::cluster_002,chunk_000::cluster_002::mention_097,chunk_000,0,2,97,1808,1809,1808,1809,I,1808,1808,core,
global_cluster_000002,chunk_000::cluster_002,chunk_000::cluster_002::mention_098,chunk_000,0,2,98,1816,1817,1816,1817,I,1816,1816,core,
global_cluster_000002,chunk_000::cluster_002,chunk_000::cluster_002::mention_099,chunk_000,0,2,99,1828,1829,1828,1829,I,1828,1828,core,
global_cluster_000002,chunk_000::cluster_002,chunk_000::cluster_002::mention_100,chunk_000,0,2,100,1845,1846,1845,1846,I,1845,1845,core,
global_cluster_000002,chunk_000::cluster_002,chunk_000::cluster_002::mention_101,chunk_000,0,2,101,1855,1856,1855,1856,I,1855,1855,core,
global_cluster_000002,chunk_000::cluster_002,chunk_000::cluster_002::mention_102,chunk_000,0,2,102,1864,1865,1864,1865,I,1864,1864,core,
global_cluster_000002,chunk_000::cluster_002,chunk_000::cluster_002::mention_103,chunk_000,0,2,103,1866,1867,1866,1867,I,1866,1866,core,
global_cluster_000002,chunk_000::cluster_002,chunk_000::cluster_002::mention_104,chunk_000,0,2,104,1878,1879,1878,1879,me,1878,1878,core,
global_cluster_000002,chunk_000::cluster_002,chunk_000::cluster_002::mention_105,chunk_000,0,2,105,1888,1889,1888,1889,I,1888,1888,core,
global_cluster_000002,chunk_000::cluster_002,chunk_000::cluster_002::mention_106,chunk_000,0,2,106,1897,1898,1897,1898,I,1897,1897,core,
global_cluster_000002,chunk_000::cluster_002,chunk_000::cluster_002::mention_107,chunk_000,0,2,107,1901,1902,1901,1902,I,1901,1901,core,
global_cluster_000002,chunk_000::cluster_002,chunk_000::cluster_002::mention_108,chunk_000,0,2,108,1922,1923,1922,1923,my,1922,1922,core,
global_cluster_000002,chunk_000::cluster_002,chunk_000::cluster_002::mention_109,chunk_000,0,2,109,1939,1940,1939,1940,I,1939,1939,core,
global_cluster_000002,chunk_000::cluster_002,chunk_000::cluster_002::mention_110,chunk_000,0,2,110,1954,1955,1954,1955,me,1954,1954,core,
global_cluster_000002,chunk_000::cluster_002,chunk_000::cluster_002::mention_111,chunk_000,0,2,111,1970,1971,1970,1971,me,1970,1970,core,
global_cluster_000002,chunk_000::cluster_002,chunk_000::cluster_002::mention_112,chunk_000,0,2,112,1999,2000,1999,2000,me,1999,1999,core,
global_cluster_000002,chunk_000::cluster_002,chunk_000::cluster_002::mention_113,chunk_000,0,2,113,2010,2011,2010,2011,me,2010,2010,core,
global_cluster_000002,chunk_000::cluster_002,chunk_000::cluster_002::mention_114,chunk_000,0,2,114,2018,2019,2018,2019,my,2018,2018,core,
global_cluster_000002,chunk_000::cluster_002,chunk_000::cluster_002::mention_115,chunk_000,0,2,115,2024,2025,2024,2025,my,2024,2024,core,
global_cluster_000002,chunk_000::cluster_002,chunk_000::cluster_002::mention_116,chunk_000,0,2,116,2059,2060,2059,2060,I,2059,2059,core,
global_cluster_000002,chunk_000::cluster_002,chunk_000::cluster_002::mention_117,chunk_000,0,2,117,2068,2069,2068,2069,I,2068,2068,core,
global_cluster_000002,chunk_000::cluster_002,chunk_000::cluster_002::mention_118,chunk_000,0,2,118,2070,2071,2070,2071,myself,2070,2070,core,
global_cluster_000002,chunk_000::cluster_002,chunk_000::cluster_002::mention_119,chunk_000,0,2,119,2076,2077,2076,2077,I,2076,2076,core,
global_cluster_000002,chunk_000::cluster_002,chunk_000::cluster_002::mention_120,chunk_000,0,2,120,2081,2082,2081,2082,I,2081,2081,core,
global_cluster_000002,chunk_000::cluster_002,chunk_000::cluster_002::mention_121,chunk_000,0,2,121,2084,2085,2084,2085,my,2084,2084,core,
global_cluster_000002,chunk_000::cluster_002,chunk_000::cluster_002::mention_122,chunk_000,0,2,122,2109,2110,2109,2110,I,2109,2109,core,
global_cluster_000002,chunk_000::cluster_002,chunk_000::cluster_002::mention_123,chunk_000,0,2,123,2112,2113,2112,2113,I,2112,2112,core,
global_cluster_000002,chunk_000::cluster_002,chunk_000::cluster_002::mention_124,chunk_000,0,2,124,2120,2121,2120,2121,I,2120,2120,core,
global_cluster_000002,chunk_000::cluster_002,chunk_000::cluster_002::mention_125,chunk_000,0,2,125,2145,2146,2145,2146,I,2145,2145,core,
global_cluster_000002,chunk_000::cluster_002,chunk_000::cluster_002::mention_126,chunk_000,0,2,126,2168,2169,2168,2169,I,2168,2168,core,
global_cluster_000002,chunk_000::cluster_002,chunk_000::cluster_002::mention_127,chunk_000,0,2,127,2179,2180,2179,2180,I,2179,2179,core,
global_cluster_000002,chunk_000::cluster_002,chunk_000::cluster_002::mention_128,chunk_000,0,2,128,2195,2196,2195,2196,me,2195,2195,core,
global_cluster_000002,chunk_000::cluster_002,chunk_000::cluster_002::mention_129,chunk_000,0,2,129,2197,2198,2197,2198,I,2197,2197,core,
global_cluster_000002,chunk_000::cluster_002,chunk_000::cluster_002::mention_130,chunk_000,0,2,130,2212,2213,2212,2213,me,2212,2212,core,
global_cluster_000002,chunk_000::cluster_002,chunk_000::cluster_002::mention_131,chunk_000,0,2,131,2237,2238,2237,2238,I,2237,2237,core,
global_cluster_000002,chunk_000::cluster_002,chunk_000::cluster_002::mention_132,chunk_000,0,2,132,2260,2261,2260,2261,my,2260,2260,core,
global_cluster_000002,chunk_000::cluster_002,chunk_000::cluster_002::mention_133,chunk_000,0,2,133,2296,2297,2296,2297,my,2296,2296,core,
global_cluster_000002,chunk_000::cluster_002,chunk_000::cluster_002::mention_134,chunk_000,0,2,134,2314,2315,2314,2315,my,2314,2314,core,
global_cluster_000002,chunk_000::cluster_002,chunk_000::cluster_002::mention_135,chunk_000,0,2,135,2320,2321,2320,2321,me,2320,2320,core,
global_cluster_000002,chunk_000::cluster_002,chunk_000::cluster_002::mention_136,chunk_000,0,2,136,2328,2329,2328,2329,I,2328,2328,core,
global_cluster_000002,chunk_000::cluster_002,chunk_000::cluster_002::mention_137,chunk_000,0,2,137,2360,2361,2360,2361,I,2360,2360,core,
global_cluster_000002,chunk_000::cluster_002,chunk_000::cluster_002::mention_138,chunk_000,0,2,138,2370,2371,2370,2371,I,2370,2370,core,
global_cluster_000002,chunk_000::cluster_002,chunk_000::cluster_002::mention_139,chunk_000,0,2,139,2390,2391,2390,2391,I,2390,2390,core,
global_cluster_000002,chunk_000::cluster_002,chunk_000::cluster_002::mention_140,chunk_000,0,2,140,2498,2499,2498,2499,I,2498,2498,core,
global_cluster_000002,chunk_000::cluster_002,chunk_000::cluster_002::mention_141,chunk_000,0,2,141,2501,2502,2501,2502,I,2501,2501,core,
global_cluster_000002,chunk_000::cluster_002,chunk_000::cluster_002::mention_142,chunk_000,0,2,142,2509,2510,2509,2510,I,2509,2509,core,
global_cluster_000002,chunk_000::cluster_002,chunk_000::cluster_002::mention_143,chunk_000,0,2,143,2529,2530,2529,2530,me,2529,2529,core,
global_cluster_000002,chunk_000::cluster_002,chunk_000::cluster_002::mention_144,chunk_000,0,2,144,2589,2590,2589,2590,I,2589,2589,core,
global_cluster_000002,chunk_000::cluster_002,chunk_000::cluster_002::mention_145,chunk_000,0,2,145,2598,2599,2598,2599,I,2598,2598,core,
global_cluster_000002,chunk_000::cluster_002,chunk_000::cluster_002::mention_146,chunk_000,0,2,146,2616,2617,2616,2617,me,2616,2616,core,
global_cluster_000002,chunk_000::cluster_002,chunk_000::cluster_002::mention_147,chunk_000,0,2,147,2629,2630,2629,2630,my,2629,2629,core,
global_cluster_000002,chunk_000::cluster_002,chunk_000::cluster_002::mention_148,chunk_000,0,2,148,2652,2653,2652,2653,my,2652,2652,core,
global_cluster_000002,chunk_000::cluster_002,chunk_000::cluster_002::mention_149,chunk_000,0,2,149,2660,2661,2660,2661,I,2660,2660,core,
global_cluster_000002,chunk_000::cluster_002,chunk_000::cluster_002::mention_150,chunk_000,0,2,150,2678,2679,2678,2679,I,2678,2678,core,
global_cluster_000002,chunk_000::cluster_002,chunk_000::cluster_002::mention_151,chunk_000,0,2,151,2706,2707,2706,2707,me,2706,2706,core,
global_cluster_000002,chunk_000::cluster_002,chunk_000::cluster_002::mention_152,chunk_000,0,2,152,2719,2720,2719,2720,I,2719,2719,core,
global_cluster_000002,chunk_000::cluster_002,chunk_000::cluster_002::mention_153,chunk_000,0,2,153,2722,2723,2722,2723,I,2722,2722,core,
global_cluster_000002,chunk_000::cluster_002,chunk_000::cluster_002::mention_154,chunk_000,0,2,154,2727,2728,2727,2728,I,2727,2727,core,
global_cluster_000002,chunk_000::cluster_002,chunk_000::cluster_002::mention_155,chunk_000,0,2,155,2742,2743,2742,2743,my,2742,2742,core,
global_cluster_000002,chunk_000::cluster_002,chunk_000::cluster_002::mention_156,chunk_000,0,2,156,2744,2745,2744,2745,I,2744,2744,core,
global_cluster_000002,chunk_000::cluster_002,chunk_000::cluster_002::mention_157,chunk_000,0,2,157,2755,2756,2755,2756,I,2755,2755,core,
global_cluster_000002,chunk_000::cluster_002,chunk_000::cluster_002::mention_158,chunk_000,0,2,158,2757,2758,2757,2758,my,2757,2757,core,
global_cluster_000002,chunk_000::cluster_002,chunk_000::cluster_002::mention_159,chunk_000,0,2,159,2770,2771,2770,2771,I,2770,2770,core,
global_cluster_000002,chunk_000::cluster_002,chunk_000::cluster_002::mention_160,chunk_000,0,2,160,2781,2782,2781,2782,me,2781,2781,core,
global_cluster_000002,chunk_000::cluster_002,chunk_000::cluster_002::mention_161,chunk_000,0,2,161,2795,2796,2795,2796,I,2795,2795,core,
global_cluster_000002,chunk_000::cluster_002,chunk_000::cluster_002::mention_162,chunk_000,0,2,162,2809,2810,2809,2810,me,2809,2809,core,
global_cluster_000002,chunk_000::cluster_002,chunk_000::cluster_002::mention_163,chunk_000,0,2,163,2814,2815,2814,2815,me,2814,2814,core,
global_cluster_000002,chunk_000::cluster_002,chunk_000::cluster_002::mention_164,chunk_000,0,2,164,2844,2845,2844,2845,my,2844,2844,core,
global_cluster_000002,chunk_000::cluster_002,chunk_000::cluster_002::mention_165,chunk_000,0,2,165,2875,2876,2875,2876,I,2875,2875,core,
global_cluster_000002,chunk_000::cluster_002,chunk_000::cluster_002::mention_166,chunk_000,0,2,166,2902,2903,2902,2903,I,2902,2902,core,
global_cluster_000002,chunk_000::cluster_002,chunk_000::cluster_002::mention_167,chunk_000,0,2,167,2910,2911,2910,2911,I,2910,2910,core,
global_cluster_000002,chunk_000::cluster_002,chunk_000::cluster_002::mention_168,chunk_000,0,2,168,2959,2960,2959,2960,I,2959,2959,core,
global_cluster_000002,chunk_000::cluster_002,chunk_000::cluster_002::mention_169,chunk_000,0,2,169,2970,2971,2970,2971,me,2970,2970,core,
global_cluster_000002,chunk_000::cluster_002,chunk_000::cluster_002::mention_170,chunk_000,0,2,170,2982,2983,2982,2983,me,2982,2982,core,
global_cluster_000002,chunk_000::cluster_002,chunk_000::cluster_002::mention_171,chunk_000,0,2,171,2989,2990,2989,2990,my,2989,2989,core,
global_cluster_000002,chunk_000::cluster_002,chunk_000::cluster_002::mention_172,chunk_000,0,2,172,3058,3059,3058,3059,me,3058,3058,core,
global_cluster_000002,chunk_000::cluster_002,chunk_000::cluster_002::mention_173,chunk_000,0,2,173,3061,3062,3061,3062,I,3061,3061,core,
global_cluster_000002,chunk_000::cluster_002,chunk_000::cluster_002::mention_174,chunk_000,0,2,174,3088,3089,3088,3089,I,3088,3088,core,
global_cluster_000002,chunk_000::cluster_002,chunk_000::cluster_002::mention_175,chunk_000,0,2,175,3129,3130,3129,3130,I,3129,3129,core,
global_cluster_000002,chunk_000::cluster_002,chunk_000::cluster_002::mention_176,chunk_000,0,2,176,3150,3151,3150,3151,I,3150,3150,core,
global_cluster_000002,chunk_000::cluster_002,chunk_000::cluster_002::mention_177,chunk_000,0,2,177,3190,3191,3190,3191,me,3190,3190,core,
global_cluster_000002,chunk_000::cluster_002,chunk_000::cluster_002::mention_178,chunk_000,0,2,178,3202,3203,3202,3203,I,3202,3202,core,
global_cluster_000002,chunk_000::cluster_002,chunk_000::cluster_002::mention_179,chunk_000,0,2,179,3223,3224,3223,3224,I,3223,3223,core,
global_cluster_000002,chunk_000::cluster_002,chunk_000::cluster_002::mention_180,chunk_000,0,2,180,3230,3231,3230,3231,my,3230,3230,core,
global_cluster_000002,chunk_000::cluster_002,chunk_000::cluster_002::mention_181,chunk_000,0,2,181,3235,3236,3235,3236,I,3235,3235,core,
global_cluster_000002,chunk_000::cluster_002,chunk_000::cluster_002::mention_182,chunk_000,0,2,182,3249,3250,3249,3250,me,3249,3249,core,
global_cluster_000002,chunk_000::cluster_002,chunk_000::cluster_002::mention_183,chunk_000,0,2,183,3252,3253,3252,3253,me,3252,3252,core,
global_cluster_000002,chunk_000::cluster_002,chunk_000::cluster_002::mention_184,chunk_000,0,2,184,3282,3283,3282,3283,my,3282,3282,core,
global_cluster_000002,chunk_000::cluster_002,chunk_000::cluster_002::mention_185,chunk_000,0,2,185,3302,3303,3302,3303,my,3302,3302,core,
global_cluster_000002,chunk_000::cluster_002,chunk_000::cluster_002::mention_186,chunk_000,0,2,186,3325,3326,3325,3326,I,3325,3325,core,
global_cluster_000002,chunk_000::cluster_002,chunk_000::cluster_002::mention_187,chunk_000,0,2,187,3333,3334,3333,3334,my,3333,3333,core,
global_cluster_000002,chunk_000::cluster_002,chunk_000::cluster_002::mention_188,chunk_000,0,2,188,3375,3376,3375,3376,me,3375,3375,core,
global_cluster_000002,chunk_000::cluster_002,chunk_000::cluster_002::mention_189,chunk_000,0,2,189,3396,3397,3396,3397,I,3396,3396,core,
global_cluster_000002,chunk_000::cluster_002,chunk_000::cluster_002::mention_190,chunk_000,0,2,190,3453,3454,3453,3454,I,3453,3453,core,
global_cluster_000002,chunk_000::cluster_002,chunk_000::cluster_002::mention_191,chunk_000,0,2,191,3458,3459,3458,3459,my,3458,3458,core,
global_cluster_000002,chunk_000::cluster_002,chunk_000::cluster_002::mention_192,chunk_000,0,2,192,3462,3463,3462,3463,I,3462,3462,core,
global_cluster_000002,chunk_000::cluster_002,chunk_000::cluster_002::mention_193,chunk_000,0,2,193,3470,3471,3470,3471,I,3470,3470,core,
global_cluster_000002,chunk_000::cluster_002,chunk_000::cluster_002::mention_194,chunk_000,0,2,194,3476,3477,3476,3477,my,3476,3476,core,
global_cluster_000002,chunk_000::cluster_002,chunk_000::cluster_002::mention_195,chunk_000,0,2,195,3508,3509,3508,3509,I,3508,3508,core,
global_cluster_000002,chunk_000::cluster_002,chunk_000::cluster_002::mention_196,chunk_000,0,2,196,3512,3513,3512,3513,my,3512,3512,core,
global_cluster_000002,chunk_000::cluster_002,chunk_000::cluster_002::mention_197,chunk_000,0,2,197,3518,3519,3518,3519,I,3518,3518,core,
global_cluster_000002,chunk_000::cluster_002,chunk_000::cluster_002::mention_198,chunk_000,0,2,198,3547,3548,3547,3548,I,3547,3547,core,
global_cluster_000002,chunk_000::cluster_002,chunk_000::cluster_002::mention_199,chunk_000,0,2,199,3555,3556,3555,3556,I,3555,3555,core,
global_cluster_000002,chunk_000::cluster_002,chunk_000::cluster_002::mention_200,chunk_000,0,2,200,3560,3561,3560,3561,I,3560,3560,core,
global_cluster_000002,chunk_000::cluster_002,chunk_000::cluster_002::mention_201,chunk_000,0,2,201,3571,3572,3571,3572,I,3571,3571,core,
global_cluster_000002,chunk_000::cluster_002,chunk_000::cluster_002::mention_202,chunk_000,0,2,202,3577,3578,3577,3578,I,3577,3577,core,
global_cluster_000002,chunk_000::cluster_002,chunk_000::cluster_002::mention_203,chunk_000,0,2,203,3615,3616,3615,3616,I,3615,3615,core,
global_cluster_000002,chunk_000::cluster_002,chunk_000::cluster_002::mention_204,chunk_000,0,2,204,3618,3619,3618,3619,I,3618,3618,core,
global_cluster_000002,chunk_000::cluster_002,chunk_000::cluster_002::mention_205,chunk_000,0,2,205,3899,3900,3899,3900,I,3899,3899,core,
global_cluster_000002,chunk_000::cluster_002,chunk_000::cluster_002::mention_206,chunk_000,0,2,206,3912,3913,3912,3913,I,3912,3912,core,
global_cluster_000002,chunk_000::cluster_002,chunk_000::cluster_002::mention_207,chunk_000,0,2,207,3915,3916,3915,3916,I,3915,3915,core,
global_cluster_000002,chunk_000::cluster_002,chunk_000::cluster_002::mention_208,chunk_000,0,2,208,3918,3919,3918,3919,my,3918,3918,core,
global_cluster_000002,chunk_000::cluster_002,chunk_000::cluster_002::mention_209,chunk_000,0,2,209,4035,4036,4035,4036,I,4035,4035,core,
global_cluster_000003,chunk_000::cluster_030,chunk_000::cluster_030::mention_000,chunk_000,0,30,0,83,84,83,84,we,83,83,core,
global_cluster_000003,chunk_000::cluster_030,chunk_000::cluster_030::mention_001,chunk_000,0,30,1,1577,1578,1577,1578,we,1577,1577,core,
global_cluster_000003,chunk_000::cluster_030,chunk_000::cluster_030::mention_002,chunk_000,0,30,2,1582,1583,1582,1583,our,1582,1582,core,
global_cluster_000003,chunk_000::cluster_030,chunk_000::cluster_030::mention_003,chunk_000,0,30,3,1676,1677,1676,1677,we,1676,1676,core,
global_cluster_000003,chunk_000::cluster_030,chunk_000::cluster_030::mention_004,chunk_000,0,30,4,1705,1706,1705,1706,our,1705,1705,core,
global_cluster_000003,chunk_000::cluster_030,chunk_000::cluster_030::mention_005,chunk_000,0,30,5,1767,1768,1767,1768,our,1767,1767,core,
global_cluster_000003,chunk_000::cluster_030,chunk_000::cluster_030::mention_006,chunk_000,0,30,6,2096,2097,2096,2097,our,2096,2096,core,
global_cluster_000003,chunk_000::cluster_030,chunk_000::cluster_030::mention_007,chunk_000,0,30,7,2227,2228,2227,2228,us,2227,2227,core,
global_cluster_000003,chunk_000::cluster_030,chunk_000::cluster_030::mention_008,chunk_000,0,30,8,2422,2423,2422,2423,we,2422,2422,core,
global_cluster_000003,chunk_000::cluster_030,chunk_000::cluster_030::mention_009,chunk_000,0,30,9,2435,2436,2435,2436,we,2435,2435,core,
global_cluster_000003,chunk_000::cluster_030,chunk_000::cluster_030::mention_010,chunk_000,0,30,10,2467,2468,2467,2468,our,2467,2467,core,
global_cluster_000003,chunk_000::cluster_030,chunk_000::cluster_030::mention_011,chunk_000,0,30,11,2540,2541,2540,2541,we,2540,2540,core,
global_cluster_000003,chunk_000::cluster_030,chunk_000::cluster_030::mention_012,chunk_000,0,30,12,2712,2713,2712,2713,we,2712,2712,core,
global_cluster_000003,chunk_000::cluster_030,chunk_000::cluster_030::mention_013,chunk_000,0,30,13,3367,3368,3367,3368,we,3367,3367,core,
global_cluster_000004,chunk_000::cluster_005,chunk_000::cluster_005::mention_000,chunk_000,0,5,0,108,109,108,109,you,108,108,core,
global_cluster_000004,chunk_000::cluster_006,chunk_000::cluster_006::mention_000,chunk_000,0,6,0,110,111,110,111,you,110,110,core,
global_cluster_000004,chunk_000::cluster_007,chunk_000::cluster_007::mention_000,chunk_000,0,7,0,134,135,134,135,you,134,134,core,
global_cluster_000004,chunk_000::cluster_009,chunk_000::cluster_009::mention_000,chunk_000,0,9,0,152,153,152,153,you,152,152,core,
global_cluster_000004,chunk_000::cluster_011,chunk_000::cluster_011::mention_000,chunk_000,0,11,0,204,205,204,205,you,204,204,core,
global_cluster_000004,chunk_000::cluster_012,chunk_000::cluster_012::mention_000,chunk_000,0,12,0,249,250,249,250,you,249,249,core,
global_cluster_000004,chunk_000::cluster_026,chunk_000::cluster_026::mention_000,chunk_000,0,26,0,853,854,853,854,you,853,853,core,
global_cluster_000004,chunk_000::cluster_036,chunk_000::cluster_036::mention_000,chunk_000,0,36,0,1792,1793,1792,1793,you,1792,1792,core,
global_cluster_000004,chunk_000::cluster_037,chunk_000::cluster_037::mention_000,chunk_000,0,37,0,1800,1801,1800,1801,you,1800,1800,core,
global_cluster_000004,chunk_000::cluster_048,chunk_000::cluster_048::mention_000,chunk_000,0,48,0,2443,2444,2443,2444,you,2443,2443,core,
global_cluster_000004,chunk_000::cluster_049,chunk_000::cluster_049::mention_000,chunk_000,0,49,0,2461,2462,2461,2462,you,2461,2461,core,
global_cluster_000004,chunk_000::cluster_050,chunk_000::cluster_050::mention_000,chunk_000,0,50,0,2479,2480,2479,2480,you,2479,2479,core,
global_cluster_000004,chunk_000::cluster_072,chunk_000::cluster_072::mention_000,chunk_000,0,72,0,3824,3825,3824,3825,you,3824,3824,core,
global_cluster_000005,chunk_000::cluster_045,chunk_000::cluster_045::mention_000,chunk_000,0,45,0,399,401,399,401,the universe,400,400,core,
global_cluster_000005,chunk_000::cluster_045,chunk_000::cluster_045::mention_001,chunk_000,0,45,1,3951,3953,3951,3953,the universe,3952,3952,core,
global_cluster_000005,chunk_000::cluster_045,chunk_000::cluster_045::mention_002,chunk_000,0,45,2,4002,4004,4002,4004,the universe,4003,4003,core,
global_cluster_000005,chunk_000::cluster_045,chunk_000::cluster_045::mention_003,chunk_000,0,45,3,4013,4014,4013,4014,its,4013,4013,core,
global_cluster_000006,chunk_000::cluster_017,chunk_000::cluster_017::mention_000,chunk_000,0,17,0,497,500,497,500,the solar system,499,499,core,
global_cluster_000006,chunk_000::cluster_044,chunk_000::cluster_044::mention_000,chunk_000,0,44,0,1705,1707,1705,1707,our system,1706,1706,core,
global_cluster_000006,chunk_000::cluster_044,chunk_000::cluster_044::mention_001,chunk_000,0,44,1,2857,2860,2857,2860,our solar system,2859,2859,core,
global_cluster_000006,chunk_000::cluster_061,chunk_000::cluster_061::mention_000,chunk_000,0,61,0,3387,3394,3387,3394,billions of planets of other solar systems,3387,3387,core,
global_cluster_000006,chunk_000::cluster_062,chunk_000::cluster_062::mention_000,chunk_000,0,62,0,3391,3394,3391,3394,other solar systems,3393,3393,core,
global_cluster_000007,chunk_000::cluster_024,chunk_000::cluster_024::mention_000,chunk_000,0,24,0,704,708,704,708,all those revolving worlds,707,707,core,
global_cluster_000007,chunk_000::cluster_035,chunk_000::cluster_035::mention_000,chunk_000,0,35,0,1004,1006,1004,1006,our world,1005,1005,core,
global_cluster_000007,chunk_000::cluster_035,chunk_000::cluster_035::mention_001,chunk_000,0,35,1,2096,2098,2096,2098,our world,2097,2097,core,
global_cluster_000007,chunk_000::cluster_035,chunk_000::cluster_035::mention_002,chunk_000,0,35,2,2386,2388,2386,2388,the world,2387,2387,core,
global_cluster_000007,chunk_000::cluster_035,chunk_000::cluster_035::mention_003,chunk_000,0,35,3,2546,2548,2546,2548,the world,2547,2547,core,
global_cluster_000007,chunk_000::cluster_063,chunk_000::cluster_063::mention_000,chunk_000,0,63,0,3591,3594,3591,3594,all the worlds,3593,3593,core,
global_cluster_000007,chunk_000::cluster_035,chunk_000::cluster_035::mention_004,chunk_000,0,35,4,3608,3610,3608,3610,our world,3609,3609,core,
global_cluster_000007,chunk_000::cluster_035,chunk_000::cluster_035::mention_005,chunk_000,0,35,5,3624,3626,3624,3626,that world,3624,3624,core,
global_cluster_000008,chunk_000::cluster_028,chunk_000::cluster_028::mention_000,chunk_000,0,28,0,946,954,946,954,the only one who had ever made signs,948,948,core,
global_cluster_000008,chunk_000::cluster_033,chunk_000::cluster_033::mention_000,chunk_000,0,33,0,1610,1612,1610,1612,the sign,1611,1611,core,
global_cluster_000008,chunk_000::cluster_033,chunk_000::cluster_033::mention_001,chunk_000,0,33,1,1642,1644,1642,1644,the sign,1643,1643,core,
global_cluster_000008,chunk_000::cluster_033,chunk_000::cluster_033::mention_002,chunk_000,0,33,2,1919,1924,1919,1924,the place of my sign,1920,1920,core,
global_cluster_000008,chunk_000::cluster_033,chunk_000::cluster_033::mention_003,chunk_000,0,33,3,3455,3460,3455,3460,the point of my sign,3456,3456,core,
global_cluster_000008,chunk_000::cluster_069,chunk_000::cluster_069::mention_000,chunk_000,0,69,0,3737,3744,3737,3744,those who meant to make a sign,3737,3737,core,
global_cluster_000009,chunk_000::cluster_043,chunk_000::cluster_043::mention_000,chunk_000,0,43,0,2231,2234,2231,2234,a certain Kgwgk,2233,2233,core,
global_cluster_000009,chunk_000::cluster_043,chunk_000::cluster_043::mention_001,chunk_000,0,43,1,2284,2285,2284,2285,his,2284,2284,core,
global_cluster_000009,chunk_000::cluster_043,chunk_000::cluster_043::mention_002,chunk_000,0,43,2,2291,2292,2291,2292,Kgwgk,2291,2291,core,
global_cluster_000009,chunk_000::cluster_043,chunk_000::cluster_043::mention_003,chunk_000,0,43,3,2314,2316,2314,2316,my rival,2315,2315,core,
global_cluster_000009,chunk_000::cluster_043,chunk_000::cluster_043::mention_004,chunk_000,0,43,4,2345,2346,2345,2346,Kgwgk,2345,2345,core,
global_cluster_000009,chunk_000::cluster_043,chunk_000::cluster_043::mention_005,chunk_000,0,43,5,2777,2778,2777,2778,Kgwgk,2777,2777,core,
global_cluster_000009,chunk_000::cluster_043,chunk_000::cluster_043::mention_006,chunk_000,0,43,6,2803,2804,2803,2804,he,2803,2803,core,
global_cluster_000009,chunk_000::cluster_043,chunk_000::cluster_043::mention_007,chunk_000,0,43,7,2806,2807,2806,2807,he,2806,2806,core,
global_cluster_000009,chunk_000::cluster_043,chunk_000::cluster_043::mention_008,chunk_000,0,43,8,2847,2848,2847,2848,Kgwgk,2847,2847,core,
global_cluster_000009,chunk_000::cluster_043,chunk_000::cluster_043::mention_009,chunk_000,0,43,9,3000,3001,3000,3001,Kgwgk,3000,3000,core,
global_cluster_000009,chunk_000::cluster_043,chunk_000::cluster_043::mention_010,chunk_000,0,43,10,3086,3087,3086,3087,Kgwgk,3086,3086,core,
global_cluster_000009,chunk_000::cluster_043,chunk_000::cluster_043::mention_011,chunk_000,0,43,11,3106,3111,3106,3111,an incompetent creature like Kgwgk,3108,3108,core,
global_cluster_000009,chunk_000::cluster_043,chunk_000::cluster_043::mention_012,chunk_000,0,43,12,3110,3111,3110,3111,Kgwgk,3110,3110,core,
global_cluster_000009,chunk_000::cluster_043,chunk_000::cluster_043::mention_013,chunk_000,0,43,13,3118,3119,3118,3119,he,3118,3118,core,
global_cluster_000009,chunk_000::cluster_043,chunk_000::cluster_043::mention_014,chunk_000,0,43,14,3125,3126,3125,3126,his,3125,3125,core,
global_cluster_000009,chunk_000::cluster_043,chunk_000::cluster_043::mention_015,chunk_000,0,43,15,3144,3145,3144,3145,him,3144,3144,core,
global_cluster_000009,chunk_000::cluster_043,chunk_000::cluster_043::mention_016,chunk_000,0,43,16,3163,3164,3163,3164,his,3163,3163,core,
global_cluster_000009,chunk_000::cluster_043,chunk_000::cluster_043::mention_017,chunk_000,0,43,17,3258,3259,3258,3259,Kgwgk,3258,3258,core,
global_cluster_000009,chunk_000::cluster_043,chunk_000::cluster_043::mention_018,chunk_000,0,43,18,3266,3267,3266,3267,he,3266,3266,core,
global_cluster_000009,chunk_000::cluster_043,chunk_000::cluster_043::mention_019,chunk_000,0,43,19,3378,3379,3378,3379,Kgwgk,3378,3378,core,
